ticker,name,sector,price,sma50,sma200,pct_above_200dma,momentum_12_1,roe,roa,op_margin,debt_to_equity,current_ratio,revenue_growth,earnings_growth,trailing_pe,forward_pe,ev_ebitda,fcf_yield,fcf_conversion,market_cap_bn,piotroski,piotroski_computed,piotroski_max,profitable_all_years,source,fetched_at
MMM,3M,Industrials,163.5800018310547,171.9316015625,159.52555572509766,0.025415652605177863,0.07792920601888897,0.7712,0.0823,0.18359999999999999,425.16999999999996,1.2402,0.0235,-0.2167,27.8184,17.72224,15.4611,0.04779794851204987,1.329662450887608,83.37168,4,8,8,False,Finnhub,2026-10-09T02:13+00:00
AOS,A. O. Smith,Industrials,56.560001373291016,59.6720002746582,63.61237306594849,-0.11086477917348103,-0.17199779735225662,0.2696,0.1471,0.16949999999999998,34.61,1.5938,0.0039000000000000003,0.0004,14.9539,14.57181,10.7629,0.09844360657997067,1.4721158484362236,7.4814272,6,8,8,True,Finnhub,2026-10-09T02:13+00:00
ABT,Abbott Laboratories,Health Care,98.48999786376953,106.29140014648438,102.64715942382813,-0.04049952851489791,-0.19063115562933186,0.1052,0.0556,0.1583,63.800000000000004,1.3763,0.0806,-0.6121,31.0257,17.55073,21.0671,0.04648438589477795,1.4422106114556121,168.31439,5,8,8,True,Finnhub,2026-10-09T02:13+00:00
ABBV,AbbVie,Health Care,272.4200134277344,258.5117990112305,230.477779006958,0.1819795149080734,0.11108514948356785,0.9559000000000001,0.046799999999999994,0.262,4921.759999999999,0.8085,0.1039,0.6759999999999999,75.9944,16.93481,30.8142,0.03797502003182306,2.8858888623063748,479.52494,7,8,8,True,Finnhub,2026-10-09T02:13+00:00
ACN,Accenture,Information Technology,208.36000061035156,183.1839987182617,192.0948392868042,0.08467255749261926,-0.28582322501836543,0.2666,0.12210000000000001,0.15380000000000002,32.029999999999994,1.4271,0.0647,0.1165,14.8168,12.55944,8.8112,0.09373476810018372,1.3888493119868022,123.97336,5,8,8,True,Finnhub,2026-10-09T02:13+00:00
ADBE,Adobe Inc.,Information Technology,241.0500030517578,257.99139892578125,257.5546499633789,-0.06408211583043766,-0.26829547702696,0.6288,0.2446,0.35700000000000004,54.09,0.7704,0.12029999999999999,0.1168,12.4374,8.79127,9.8299,0.11691667348680594,1.4541394348248002,90.59408599999999,6,8,8,True,Finnhub,2026-10-09T02:13+00:00
AMD,Advanced Micro Devices,Information Technology,620.6799926757812,526.4668005371094,383.35330032348634,0.6190808639237766,1.4637132481656594,0.1007,0.081,0.15710000000000002,4.8,2.6092,0.3954,1.2433,156.8917,46.1861,131.5208,0.00832441233811099,1.306031203227208,1009.4409,7,8,8,True,Finnhub,2026-10-09T02:13+00:00
AES,AES Corporation,Utilities,14.930000305175781,14.788879985809325,14.480879974365234,0.031014712614537476,0.0803995029850928,0.43309999999999993,0.0357,0.1522,649.88,0.7464,0.0849,0.848,5.6919,6.37554,11.3183,0.02477663860299401,0.14102614926438162,10.655206,4,8,8,False,Finnhub,2026-10-09T02:13+00:00
A,Agilent Technologies,Health Care,168.1699981689453,154.72762115478517,133.0083847808838,0.2643563670514928,0.05094645176007373,0.2047,0.1096,0.2223,53.63,2.0502,0.086,0.18739999999999998,32.1321,24.95696,25.3723,0.027382631197031722,0.8798614438861431,46.270160000000004,3,8,8,True,Finnhub,2026-10-09T02:13+00:00
APD,Air Products,Materials,278.3800048828125,292.8542034912109,282.84634284973146,-0.015790686638970652,0.11159019412345494,-0.0032,-0.0012,-0.0471,127.25,1.0848,0.0451,,30.693,19.99672,82.1369,0.005039994879365202,0.15469256283235616,61.40879,2,8,8,False,Finnhub,2026-10-09T02:13+00:00
ABNB,Airbnb,Consumer Discretionary,163.22999572753906,170.76039978027345,144.05672492980958,0.13309528456287967,0.41535258274901254,0.33379999999999993,0.1067,0.20809999999999998,31.75,1.4083,0.1364,0.0662,36.321,27.02611,34.1106,0.049723784377781424,1.806017572385399,97.73979,6,8,8,True,Finnhub,2026-10-09T02:13+00:00
AKAM,Akamai Technologies,Information Technology,100.9000015258789,111.36219970703125,112.02460018157959,-0.09930496192504978,0.4458224831090083,0.0849,0.0335,0.1054,159.27,1.6367,0.0587,-0.0172,36.5827,16.7363,33.4139,0.04189639858557758,1.5326833805366091,15.034195,4,8,8,True,Finnhub,2026-10-09T02:13+00:00
ALB,Albemarle Corporation,Materials,102.0999984741211,121.72657287597656,153.8148292541504,-0.3362148567260713,0.40203318655677056,0.0226,0.0139,0.0533,18.27,2.0857,0.1832,17.1069,53.7973,10.50654,12.8625,0.11130651588343982,5.987990026936177,12.060117,5,8,8,False,Finnhub,2026-10-09T02:13+00:00
ALGN,Align Technology,Health Care,141.02999877929688,157.61120056152345,169.91365005493165,-0.1699901759881971,0.1720701827101676,0.1009,0.0656,0.1323,0.0,1.3953,0.0441,-0.0255,23.7694,12.57437,10.9025,0.06444918504005517,1.5319184588910875,9.830494,6,8,8,True,Finnhub,2026-10-09T02:13+00:00
ALLE,Allegion,Industrials,149.99000549316406,157.43561767578126,149.09881519317628,0.0059771789523150876,-0.13612278054855775,0.3199,0.1247,0.2075,95.87,1.9298,0.1063,0.0601,19.0978,16.11636,13.8412,0.05335581391626339,1.0189786630100148,12.577791999999999,5,8,8,True,Finnhub,2026-10-09T02:13+00:00
LNT,Alliant Energy,Utilities,65.5,67.422699508667,69.59569459915161,-0.058849827173095615,0.027916493556847666,0.1104,0.0328,0.22760000000000002,160.95,0.4662,0.0754,-0.0246,20.8142,17.89011,15.7373,0.008397440795943028,0.17478601221491738,17.005187999999997,4,7,8,True,Finnhub,2026-10-09T02:13+00:00
GOOGL,Alphabet Inc. (Class A),Communication Services,348.2900085449219,345.7745422363281,339.4559899902344,0.026024046754755004,0.3489172826113278,0.5084,0.3542,0.3311,15.329999999999998,2.724,0.2005,1.1531,17.4001,21.39245,27.4044,0.01516265740733721,0.2638317551534082,4249.191,4,8,8,True,Finnhub,2026-10-09T02:13+00:00
GOOG,Alphabet Inc. (Class C),Communication Services,344.8599853515625,342.9905529785156,337.8371083068848,0.020787760941578526,0.33224314217721185,0.5084,0.3542,0.3311,15.329999999999998,2.724,0.2005,1.1531,17.4001,21.39245,27.4044,0.01516265740733721,0.2638317551534082,4249.191,4,8,8,True,Finnhub,2026-10-09T02:13+00:00
MO,Altria,Consumer Staples,71.41999816894531,67.38279579162598,65.70372848510742,0.0870006895443316,0.07039843550070057,1.4965000000000002,0.2311,0.4678,867.0899999999999,0.5176,-0.0058,-0.0827,14.9582,11.80639,12.7716,0.07640353289936126,1.1428593258152258,119.26145,5,8,8,True,Finnhub,2026-10-09T02:13+00:00
AMZN,Amazon,Consumer Discretionary,254.05999755859375,258.5569998168945,241.98154998779296,0.049914745861451504,0.13806472759366728,0.305,0.1521,0.1208,28.16,1.0331,0.1577,0.8970999999999999,20.7241,22.74842,17.0543,0.00559962773674806,0.11604724517914049,2803.579,5,8,8,False,Finnhub,2026-10-09T02:13+00:00
AMCR,Amcor,Materials,41.880001068115234,44.3273828125,41.78654848098755,0.002236427523326201,0.14955229437756734,0.09449999999999999,0.0297,0.0808,118.85,1.2543,0.5661,1.8840999999999999,17.2481,10.17899,13.0132,0.08696635271813336,1.500004348317636,19.07638,7,8,8,True,Finnhub,2026-10-09T02:13+00:00
AEE,Ameren,Utilities,101.83999633789062,104.76196517944337,106.60970840454101,-0.04473994102442569,0.0445573494717284,0.117,0.0317,0.2492,159.32999999999998,0.5311,0.037599999999999995,0.2477,17.8629,17.83368,13.0385,0.004118963915816615,0.07357664053184061,27.919643,5,7,8,True,Finnhub,2026-10-09T02:13+00:00
AEP,American Electric Power,Utilities,122.31999969482422,122.80194137573243,125.84157314300538,-0.027984181699471256,0.08782602501619352,0.1,0.0271,0.2352,164.38,0.504,0.106,-0.1536,21.2681,17.87198,13.6252,0.006517668421440261,0.13861842375403363,66.80301,4,7,8,True,Finnhub,2026-10-09T02:13+00:00
AWK,American Water Works,Utilities,128.17999267578125,134.98620071411133,130.5894457244873,-0.01845059556948736,0.011566616718962752,0.1015,0.0318,0.36939999999999995,137.09,0.5228,0.0692,0.04,22.4962,20.76389,14.2674,0.0002758544287490631,0.006205676400024673,25.375703,5,7,8,True,Finnhub,2026-10-09T02:13+00:00
AME,Ametek,Industrials,247.52000427246094,244.40913848876954,230.63786598205567,0.07319760013613186,0.3083964994248243,0.1455,0.0968,0.2562,18.08,1.2137,0.1266,0.1033,36.0363,27.29823,23.959,0.032127791503484264,1.1577667329570098,56.802910000000004,5,8,8,True,Finnhub,2026-10-09T02:13+00:00
AMGN,Amgen,Health Care,407.44000244140625,410.5803253173828,362.72085372924806,0.12328805540786103,0.36064113422852473,0.8931999999999999,0.09480000000000001,0.3032,490.28000000000003,1.3709,0.091,0.3172,25.5432,17.05401,17.65,0.047858568358786116,1.2224609833021454,223.32426999999998,7,8,8,True,Finnhub,2026-10-09T02:13+00:00
APH,Amphenol,Information Technology,85.31999969482422,82.07014450073243,74.36852800369263,0.1472594924910684,0.31343633852718966,0.3714,0.1369,0.2703,121.42999999999999,1.8878,0.5417000000000001,0.5937,41.6344,26.69144,24.9553,0.022012031776569074,0.9164577357983874,214.14212,6,8,8,True,Finnhub,2026-10-09T02:13+00:00
ADI,Analog Devices,Information Technology,405.92999267578125,378.8070764160156,360.6341697692871,0.12560047467346713,0.5813302624864249,0.1226,0.086,0.3555,27.189999999999998,1.2504,0.33649999999999997,1.1438,47.853,24.01394,36.0258,0.024952963663494313,1.1940741701891933,197.8723,7,8,8,True,Finnhub,2026-10-09T02:13+00:00
APA,APA Corporation,Energy,45.470001220703125,42.27340003967285,35.46492465019226,0.2821118800954967,0.8502346451234519,0.2627,0.0938,0.4019,53.31,0.946,-0.1244,0.5867,9.4994,8.801,3.3577,0.30394212941855875,2.8872678641986567,15.930483,5,8,8,True,Finnhub,2026-10-09T02:13+00:00
AAPL,Apple Inc.,Information Technology,340.4200134277344,322.28662658691405,290.07029777526856,0.17357763286565175,0.23403319987111582,1.3717999999999997,0.3455,0.3317,78.44,1.0033,0.1424,0.3261,38.2496,35.33932,29.6282,0.02771618625277162,1.0601330376940135,4931.5195,7,8,8,True,Finnhub,2026-10-09T02:13+00:00
AMAT,Applied Materials,Information Technology,509.57000732421875,489.66951843261717,432.4046913146973,0.1784562414781059,1.2284138897754953,0.4044,0.235,0.2964,25.540000000000003,2.423,0.07769999999999999,0.3836,44.5869,26.12755,42.6865,0.01360886753808782,0.6067772160339677,413.1865,4,8,8,True,Finnhub,2026-10-09T02:13+00:00
APP,AppLovin,Communication Services,280.1199951171875,320.7093994140625,448.07610061645505,-0.3748383483702803,-0.5171955221242186,1.931,0.5964,0.7744,111.13,4.3002,0.6059,0.8472,21.257,17.2938,17.6288,0.048298212483156,1.0266751027544472,93.74244,8,8,8,False,Finnhub,2026-10-09T02:13+00:00
APTV,Aptiv,Consumer Discretionary,44.209999084472656,46.58579978942871,62.651849880218506,-0.2943544497250131,-0.47794983337656893,0.0241,0.0098,0.0553,61.17,2.0178,-0.054000000000000006,-0.7576,41.706,7.69745334605041,11.0678,0.1226121287917801,5.113661443389981,9.175317,7,8,8,True,Finnhub,2026-10-09T02:13+00:00
ADM,Archer Daniels Midland,Consumer Staples,82.44999694824219,81.65941940307617,74.18949193954468,0.11134332899096822,0.416422299106892,0.0773,0.0332,0.0168,33.98,1.3891,-0.008199999999999999,0.6027,22.4724,14.21915,18.1959,0.060086404249310506,1.3502857108522053,39.776125,4,8,8,True,Finnhub,2026-10-09T02:13+00:00
ANET,Arista Networks,Information Technology,210.97000122070312,196.94940002441408,160.64209991455078,0.3132921029600766,0.3278959432245734,0.3078,0.19519999999999998,0.4314,0.0,2.9572,0.3257,0.2469,67.3021,51.35095335283,58.1774,0.018938676565281618,1.2746127040642399,272.21012,4,8,8,True,Finnhub,2026-10-09T02:13+00:00
T,AT&T,Communication Services,24.8700008392334,24.983799934387207,24.809745540618895,0.002428694744807114,0.0067258116852131344,0.1954,0.0509,0.20120000000000002,130.33999999999997,0.971,0.0263,0.7222,7.8474,10.00536,6.428,0.10435363359352172,0.8189047042618024,169.17512,4,8,8,False,Finnhub,2026-10-09T02:13+00:00
ATO,Atmos Energy,Utilities,160.66000366210938,164.85506561279297,172.70550003051758,-0.06974587587702608,-0.025487662660216737,0.0967,0.0467,0.3697,67.66,0.8137,0.0645,0.1578,19.1576,17.41127,14.1203,0.00309932211626673,0.059375573374591505,26.867488,4,7,8,True,Finnhub,2026-10-09T02:13+00:00
ADSK,Autodesk,Information Technology,233.60000610351562,233.47499938964845,237.6423498535156,-0.017010199370994794,-0.3423724704425617,0.525,0.1352,0.262,102.81,0.8555,0.1794,0.5992000000000001,29.9181,16.12032,23.1862,0.05707827714928253,1.7076736035799496,49.125449999999994,6,8,8,True,Finnhub,2026-10-09T02:13+00:00
ADP,Automatic Data Processing,Industrials,270.7300109863281,270.59270935058595,235.1696704864502,0.15121142291147116,-0.0742749715811758,0.7019999999999998,0.0662,0.2633,82.31,1.0507,0.0674,0.09609999999999999,23.8214,21.55827,16.6335,0.045428940051970707,1.0821809525540151,105.13346,5,8,8,True,Finnhub,2026-10-09T02:13+00:00
AZO,AutoZone,Consumer Discretionary,2910.5400390625,2947.043818359375,3285.849699707031,-0.11421997198410927,-0.2875624351359637,2.4927,0.1233,0.18309999999999998,3780.52,0.8903,0.0739,0.054000000000000006,18.224,17.051139334383286,13.0508,0.034833859905182236,0.6348122629120411,46.886094,4,8,8,True,Finnhub,2026-10-09T02:13+00:00
AVY,Avery Dennison,Materials,167.6199951171875,173.5869839477539,170.77013343811035,-0.018446658426161555,0.0762269604435688,0.3107,0.0786,0.1026,158.35,1.1316,0.0584,0.0232,17.8822,15.77039,13.8247,0.08195041999590248,1.4654538004507274,12.605161,3,8,8,True,Finnhub,2026-10-09T02:13+00:00
AXON,Axon Enterprise,Industrials,417.30999755859375,520.7314007568359,493.91780029296876,-0.15510233218753178,-0.31430168382216406,0.0591,0.028300000000000002,0.0042,47.13,2.1489,0.34600000000000003,-0.4022,170.103,46.84003,284.9626,0.005596794603794515,0.9520315524892584,33.901184,4,8,8,True,Finnhub,2026-10-09T02:13+00:00
BKR,Baker Hughes,Energy,56.29999923706055,60.41807083129883,59.29368539810181,-0.050489122761411265,0.3304878931886486,0.1625,0.0674,0.13970000000000002,81.64,2.0949,0.0042,0.018799999999999997,17.997,19.91936,10.8833,0.05613909020990406,1.0103352065076434,55.718797,5,8,8,False,Finnhub,2026-10-09T02:13+00:00
BALL,Ball Corporation,Materials,58.369998931884766,61.036383361816405,59.83989379882812,-0.02456379471335457,0.25942352629554066,0.1705,0.04850000000000001,0.1025,125.64999999999999,1.0691,0.15560000000000002,0.8234,16.1673,13.68851,10.4502,0.11528041962072742,1.8637731281341865,15.310441,4,8,8,True,Finnhub,2026-10-09T02:13+00:00
BAX,Baxter International,Health Care,23.899999618530273,25.279251289367675,20.916928157806396,0.1426151793522592,0.06711819145296283,-0.166,-0.0527,-0.0229,152.42,1.9463,0.0536,0.374,179.3652,11.57755,103.1597,0.06686816273036082,11.993821381763713,12.188180000000001,4,8,8,False,Finnhub,2026-10-09T02:13+00:00
BDX,Becton Dickinson,Health Care,182.75,180.97296936035156,161.30579147338867,0.13294134284167392,0.21760141457597282,0.038,0.0178,0.0955,68.84,0.8655,-0.0256,-0.40399999999999997,51.82,13.81739,15.0369,0.05338572252236862,2.7664481411091417,48.814440000000005,6,8,8,True,Finnhub,2026-10-09T02:13+00:00
BBY,Best Buy,Consumer Discretionary,88.4000015258789,86.83609970092773,71.733175907135,0.2323447332141071,0.21966656939346385,0.4282,0.0815,0.0405,36.730000000000004,1.1169,0.014499999999999999,0.6581999999999999,14.3405,13.40903,8.9817,0.11265828489027083,1.6155761344689288,18.241066,6,8,8,True,Finnhub,2026-10-09T02:13+00:00
TECH,Bio-Techne,Health Care,72.44999694824219,72.29764755249023,62.216775760650634,0.16447688043107522,0.2275599891968989,0.08900000000000001,0.0714,0.2073,9.49,4.5473,-0.0038,1.5894,62.5421,34.56802,32.3818,0.023142469671793495,1.4473786524602759,11.374026,6,8,8,True,Finnhub,2026-10-09T02:13+00:00
BIIB,Biogen,Health Care,218.42999267578125,216.6927996826172,196.1851001739502,0.1133872678511636,0.3844687368267514,0.0451,0.0278,0.1091,42.92,1.8651,0.0031,-0.46020000000000005,38.4167,14.74218,23.3175,0.0792198429862712,3.0433649420506845,32.062616999999996,4,8,8,True,Finnhub,2026-10-09T02:13+00:00
BE,Bloom Energy,Industrials,272.82000732421875,245.01340087890625,211.4885507583618,0.28999894484090416,2.1289798561283737,0.2477,0.0565,0.0911,166.82,4.0866,0.9098,5.8652999999999995,321.0327,101.06252340696501,233.7009,0.007944439766052138,2.550424948083086,78.63438000000001,4,8,8,False,Finnhub,2026-10-09T02:13+00:00
BA,Boeing,Industrials,187.75,210.36800018310547,220.36860008239745,-0.14801836591148243,-0.0694256994264919,1.3292,0.015,0.0489,752.46,1.1375,0.24780000000000002,,60.1006,,27.2228,0.008438968116734558,0.507187047196617,146.3449,7,8,8,False,Finnhub,2026-10-09T02:13+00:00
BKNG,Booking Holdings,Consumer Discretionary,159.97000122070312,186.63911560058594,180.7320120239258,-0.11487732898405478,-0.16732142761411184,1.3962999999999999,0.2498,0.3287,1129.05,1.0943,0.1285,0.5721,16.5488,13.89614,12.4065,0.07995778229095038,1.3232053475764796,119.30044000000001,6,8,8,True,Finnhub,2026-10-09T02:13+00:00
BSX,Boston Scientific,Health Care,42.040000915527344,46.60339973449707,60.677450008392334,-0.30715610313695174,-0.5311783277465323,0.1494,0.08349999999999999,0.1978,50.63999999999999,1.2402,0.1353,0.4678,16.5153,12.891802389889932,14.3548,0.059726096123179105,0.9863943953031399,60.693734,7,8,8,True,Finnhub,2026-10-09T02:13+00:00
BMY,Bristol Myers Squibb,Health Care,59.58000183105469,63.636036987304685,58.27498414993286,0.022394131893098468,0.4909632376196682,0.46760000000000007,0.10280000000000002,0.2551,193.2,1.5316,0.0311,0.9929000000000001,12.9961,9.34153,10.2819,0.13832406562093674,1.797673389216256,120.64273,7,8,8,False,Finnhub,2026-10-09T02:13+00:00
AVGO,Broadcom,Information Technology,360.1400146484375,371.90002807617185,366.9957592773437,-0.018680718933662743,0.0892126529353301,0.4391,0.2161,0.4797,59.599999999999994,2.5037,0.4869,1.001,45.2135,19.00524,39.4393,0.02277504856779107,1.0297396584198217,1730.0962,8,8,8,True,Finnhub,2026-10-09T02:13+00:00
BR,Broadridge Financial Solutions,Industrials,165.2100067138672,168.40954864501953,167.87353927612304,-0.01586630372923037,-0.2742009399559274,0.4023999999999999,0.1297,0.174,114.58,1.2356,0.08529999999999999,0.35619999999999996,16.0884,15.14071,14.5577,0.0681663258350375,1.0966871165644172,18.086586,7,8,8,True,Finnhub,2026-10-09T02:13+00:00
BF-B,Brown–Forman,Consumer Staples,26.540000915527344,27.012382736206053,26.4890011882782,0.001925317111304059,-0.028424787616113112,0.17800000000000002,0.0894,0.2536,61.5,3.263,-0.0084,-0.1307,17.0504,15.53581,13.2903,0.07524397860061248,1.2829399327318831,12.293316,6,8,8,True,Finnhub,2026-10-09T02:13+00:00
BG,Bunge Global,Consumer Staples,107.81999969482422,112.86285659790039,115.3793053817749,-0.06551699771408692,0.5075919811869891,0.0633,0.0218,0.0209,95.65,1.5666,0.8053,-0.4866,20.5703,10.51705,12.2763,0.05764153879851976,1.185703745547191,20.714285,2,8,8,True,Finnhub,2026-10-09T02:13+00:00
CHRW,C.H. Robinson,Industrials,141.33999633789062,147.9825946044922,170.66080223083497,-0.171807500666059,0.14166889753859957,0.3601,0.1186,0.049,103.52,1.5815,-0.0009,0.1925,38.2938,20.89829,27.6241,0.025473812920317914,0.97548909720807,24.252477,6,8,8,True,Finnhub,2026-10-09T02:13+00:00
CDNS,Cadence Design Systems,Information Technology,348.8399963378906,320.1080010986328,326.4710005187988,0.06851755832384798,-0.17621860294899017,0.2288,0.1255,0.30329999999999996,36.19,1.7427,0.147,0.36,71.1708,33.18013,53.6711,0.017045677301464734,1.2131544900870863,98.07294999999999,6,8,8,True,Finnhub,2026-10-09T02:13+00:00
CAH,Cardinal Health,Health Care,238.9600067138672,232.56790100097658,217.74780715942381,0.0974163635958587,0.5429716859985141,0.3716999999999999,0.0302,0.0098,565.4300000000001,0.8827,0.1423,0.1243,31.3672,17.26824,20.2642,0.08416516572121131,2.6400255862103794,53.76345,7,8,8,True,Finnhub,2026-10-09T02:13+00:00
CCL,Carnival Corporation,Consumer Discretionary,26.1299991607666,25.151238555908204,27.196714401245117,-0.039222209886855985,-0.19662894802355135,0.2391,0.0608,0.1575,168.54,0.2742,0.052000000000000005,0.2101,11.0265,8.79225,7.9053,0.09178943503602735,1.0121162054247557,34.590094,7,8,8,False,Finnhub,2026-10-09T02:13+00:00
CARR,Carrier Global,Industrials,55.83000183105469,58.719000015258786,61.39918586730957,-0.09070452576179922,-0.0057233960684197616,0.0889,0.0326,0.078,90.91,1.0198,-0.0158,-0.6799,37.7399,17.11647,18.8396,0.04107062916096812,1.5500014374720208,46.042676,3,8,8,True,Finnhub,2026-10-09T02:13+00:00
CVNA,Carvana,Consumer Discretionary,63.20000076293945,68.67959999084472,71.39849996566772,-0.11482733119982291,-0.008803338135828453,0.4657,0.12210000000000001,0.08869999999999999,129.99,3.9264,0.5398,0.4064,44.2502,39.10104712851685,30.1719,0.013389210973797314,0.5924752634327259,69.38424,5,8,8,False,Finnhub,2026-10-09T02:13+00:00
CASY,Casey's,Consumer Staples,642.280029296875,726.9592028808594,733.1484271240234,-0.12394270309438538,0.13778461374050588,0.1968,0.0877,0.0588,59.37,1.0185,0.1378,0.3336,30.7291,26.323,16.504,0.027325689427144247,0.8396938429756583,23.747832,8,8,8,True,Finnhub,2026-10-09T02:13+00:00
CAT,Caterpillar Inc.,Industrials,796.1799926757812,822.1688012695313,798.5485070800781,-0.0029660244597506935,0.6907426134198207,0.542,0.11110000000000002,0.1752,232.77,1.3684,0.18359999999999999,0.1821,34.1683,25.95626,26.4336,0.02427390676392412,0.8293981284817885,370.52094,4,8,8,True,Finnhub,2026-10-09T02:13+00:00
CDW,CDW Corporation,Information Technology,139.8800048828125,141.82598236083984,130.45616832733154,0.07223756972407247,-0.0642897400771405,0.426,0.0665,0.07139999999999999,238.20000000000002,1.1668,0.0741,0.0341,15.8335,12.57286,11.4159,0.06291761567403642,0.9962060677748557,17.104886999999998,4,8,8,True,Finnhub,2026-10-09T02:13+00:00
COR,Cencora,Health Care,321.3500061035156,317.77234252929685,316.7251184082031,0.014602213170070932,0.05530711538298716,1.0643,0.0328,0.0091,384.25,0.9348,0.0509,0.3837,23.3507,15.93349,17.2067,0.1052919746456925,2.458641312359172,61.29083,5,8,8,True,Finnhub,2026-10-09T02:13+00:00
CNC,Centene Corporation,Health Care,64.54000091552734,64.81359985351563,53.30119993209839,0.21085455857928737,0.6673607655289562,-0.2403,-0.0632,-0.0368,71.38,1.1235,0.1702,,12.9788,13.25111645891733,7.4648,0.2754972725770015,3.575624001322387,31.724357,3,8,8,False,Finnhub,2026-10-09T02:13+00:00
CNP,CenterPoint Energy,Utilities,38.41999816894531,39.16313133239746,41.02466781616211,-0.06349032876728522,0.03156211086248084,0.09849999999999999,0.0238,0.1274,210.26,1.1229,0.013500000000000002,0.18280000000000002,22.5363,18.54047,12.7769,0.023437811283431108,0.5282015464267885,25.172995999999998,4,7,8,False,Finnhub,2026-10-09T02:13+00:00
CF,CF Industries,Materials,113.58000183105469,123.58414581298828,112.47249252319335,0.009846934863944279,0.5327637725471137,0.4041,0.1448,0.4103,55.95,4.8601,0.2004,0.7626000000000001,8.3135,10.40633,4.8747,0.1094558947472116,0.9099615809809436,17.450043,7,8,8,True,Finnhub,2026-10-09T02:13+00:00
CRL,Charles River Laboratories,Health Care,298.0,281.8251992797852,212.12980026245117,0.4048002667767967,0.6363903357776699,-0.0772,-0.0319,0.0225,92.5,1.3475,-0.0074,,910.8864,26.22213864771023,96.4711,0.027888946216167224,25.403661818638184,13.820403,4,8,8,False,Finnhub,2026-10-09T02:13+00:00
CHTR,Charter Communications,Communication Services,109.66999816894531,138.11640106201173,172.8943003463745,-0.3656818186068964,-0.5157335283950446,0.3043,0.0319,0.23670000000000002,570.49,0.3609,-0.015,0.0545,4.0125,2.71752,5.3595,0.22057526027880714,0.8850582318687137,19.757451,5,8,8,True,Finnhub,2026-10-09T02:13+00:00
CVX,Chevron Corporation,Energy,211.5500030517578,203.40615234375,185.4062664794922,0.14100783683682772,0.4346079532284446,0.10979999999999998,0.0629,0.1322,19.53,1.2522,0.1117,0.34619999999999995,20.2653,14.21104,8.7182,0.06844533271276232,1.3870652010239422,417.28288,5,8,8,True,Finnhub,2026-10-09T02:13+00:00
CMG,Chipotle Mexican Grill,Consumer Discretionary,32.68000030517578,34.533799934387204,34.75925007820129,-0.05981860277041706,-0.1201465663486696,0.5326,0.158,0.1465,0.0,0.7153,0.0731,-0.0417,27.6082,28.43484782831895,17.7214,0.04003811628670494,1.1053803220666074,39.18721,5,8,8,True,Finnhub,2026-10-09T02:13+00:00
CHD,Church & Dwight,Consumer Staples,97.7300033569336,98.18620559692383,95.79006992340088,0.02025192627047878,0.07124542111962007,0.1778,0.0824,0.1747,51.89,1.1465,0.0269,0.4661,30.9626,24.2559,21.3079,0.04836314921482427,1.497448843878918,23.060963,6,8,8,True,Finnhub,2026-10-09T02:13+00:00
CIEN,Ciena,Information Technology,425.92999267578125,379.09560119628907,395.5784499359131,0.07672698738969563,1.2313177286322805,0.22820000000000001,0.1015,0.1215,105.66,3.7972,0.3257,3.628,96.7443,59.44268211500002,85.4498,0.012862993681697504,1.2444213196402476,63.31042,6,8,8,True,Finnhub,2026-10-09T02:13+00:00
CI,Cigna,Health Care,281.0299987792969,276.67595947265625,277.3638458251953,0.013217847276360883,-0.07379529855655509,0.1524,0.04100000000000001,0.0352,74.8,0.8457,0.07769999999999999,0.31739999999999996,11.4598,8.38685,8.526,0.13370771493515177,1.532263671613852,73.52624,6,8,8,True,Finnhub,2026-10-09T02:13+00:00
CTAS,Cintas,Industrials,201.1199951171875,200.39483489990235,187.55629745483398,0.07231800716059578,0.01446691357266161,0.418,0.19640000000000002,0.23129999999999998,47.24,1.434,0.0894,0.1149,39.6841,34.55201,28.9839,0.02370224294324972,0.9406021791842162,79.36686999999999,6,8,8,True,Finnhub,2026-10-09T02:13+00:00
CSCO,Cisco,Information Technology,114.88999938964844,111.83226104736327,97.73828868865967,0.17548609589047204,0.6092983435663464,0.2739,0.10620000000000002,0.2427,58.730000000000004,0.9311,0.1177,0.3078,34.1421,20.50504,29.1869,0.028185448980109527,0.9623104176237974,452.96378000000004,5,8,8,True,Finnhub,2026-10-09T02:13+00:00
CLX,Clorox,Consumer Staples,83.44000244140625,94.17834411621094,99.40049423217773,-0.16056752950836728,-0.22153780617057317,1.8111,0.0925,0.1177,5631.110000000001,0.6578,-0.0541,-0.2625,17.089,14.78558,18.2839,0.05682270180582546,0.9710431511597512,10.031227000000001,2,8,8,True,Finnhub,2026-10-09T02:13+00:00
CMS,CMS Energy,Utilities,65.33999633789062,67.59166931152343,71.89884090423584,-0.0912232309152401,-0.046912516738698784,0.11020000000000002,0.0258,0.20800000000000002,197.47,0.9357,0.0929,-0.019,19.7896,15.75835,12.731,0.006796650338847002,0.13450299154564663,20.304119999999998,4,7,8,True,Finnhub,2026-10-09T02:13+00:00
KO,Coca-Cola Company (The),Consumer Staples,87.7699966430664,87.65460906982422,79.47660152435303,0.10435014783781527,0.33768950078937765,0.4299,0.1354,0.3035,120.44999999999999,1.3046,0.0652,0.1761,26.0073,25.55502,24.7974,0.03839965593908279,0.9986713719045078,372.32106,6,8,8,True,Finnhub,2026-10-09T02:13+00:00
CTSH,Cognizant,Information Technology,60.0099983215332,59.46704513549805,59.85456809997559,0.002596797980364718,-0.1240318538443651,0.1494,0.1081,0.1588,10.79,2.1822,0.0564,-0.054000000000000006,11.4782,9.51056,6.509,0.10195550661691238,1.1702656960502438,25.481629,6,8,8,True,Finnhub,2026-10-09T02:13+00:00
COHR,Coherent Corp.,Information Technology,302.3500061035156,302.8248016357422,292.0317506408691,0.0353326494122741,1.6724200203486355,0.0837,0.0493,0.1458,29.549999999999997,2.4267,0.22510000000000002,16.172,81.3886,32.02797402805136,52.8133,0.0039111603395825855,0.3183238644141512,65.51763700000001,7,8,8,False,Finnhub,2026-10-09T02:13+00:00
CL,Colgate-Palmolive,Consumer Staples,88.0999984741211,89.23219970703126,88.0242324066162,0.0008607410190741849,0.14058055368176148,6.3114,0.12120000000000002,0.1493,3329.2400000000002,1.026,0.0524,-0.2894,34.2428,21.53489,20.1479,0.05530973451327434,1.8939601769911507,69.75262,4,8,8,True,Finnhub,2026-10-09T02:13+00:00
CMCSA,Comcast,Communication Services,21.209999084472656,24.15720329284668,25.792281341552734,-0.17766099075919184,-0.11046858555466643,0.1204,0.0421,0.1466,100.69,0.7958,0.0058,-0.49,6.6115,6.26947,4.6001,0.2406449284081338,1.5910239441703766,74.042305,6,8,8,True,Finnhub,2026-10-09T02:13+00:00
FIX,Comfort Systems USA,Industrials,1706.3900146484375,1664.0701196289062,1571.1991198730468,0.08604313295842103,0.9821038463180554,0.5355,0.2075,0.16469999999999999,1.68,1.2138,0.4611,1.0888,42.0717,28.51361,30.5777,0.03578931545776324,1.5057173431443778,60.347714999999994,6,8,8,True,Finnhub,2026-10-09T02:13+00:00
COP,ConocoPhillips,Energy,134.19000244140625,128.88498275756837,116.14272541046142,0.15538878536872391,0.4788859964464278,0.1432,0.0756,0.22510000000000002,35.64,1.5415,0.096,0.0131,17.1853,13.11764,6.7609,0.06309188070587196,1.0842528974946215,159.5136,5,8,8,True,Finnhub,2026-10-09T02:13+00:00
ED,Consolidated Edison,Utilities,105.98999786376953,106.22458206176758,106.70033954620361,-0.006657351658440391,0.11010729856875878,0.08900000000000001,0.0298,0.1905,108.14999999999999,1.2682,0.0949,0.1041,17.4025,16.26071,11.3904,0.01741771869687596,0.30311184962238386,38.581375,5,7,8,True,Finnhub,2026-10-09T02:13+00:00
STZ,Constellation Brands,Consumer Staples,123.62999725341797,125.97919937133788,141.40245220184326,-0.1256870349253647,-0.10730633904424558,0.23129999999999998,0.08380000000000001,0.3148,127.60000000000001,0.9135,-0.0999,0.3078,11.1064,9.7493,9.4105,0.09052149432882838,1.0053679246136995,20.262555,5,8,8,False,Finnhub,2026-10-09T02:13+00:00
CEG,Constellation Energy,Utilities,285.07000732421875,273.1773315429688,285.73792495727537,-0.0023375183156261192,-0.17481583539293521,0.1469,0.0449,0.147,77.24,1.4553,0.25980000000000003,0.07200000000000001,29.1493,20.24048,20.9565,0.021464847020035288,0.6256852652411146,101.0024,4,8,8,False,Finnhub,2026-10-09T02:13+00:00
COO,Cooper Companies (The),Health Care,54.29999923706055,65.69660026550292,70.8456999206543,-0.23354558854135943,-0.08026655129353177,0.0688,0.0456,0.1284,30.55,1.2223,0.0473,0.44170000000000004,18.1236,11.82824,17.2759,0.06559656798756289,1.1888459595793948,10.335892,5,8,8,True,Finnhub,2026-10-09T02:13+00:00
CPRT,Copart,Industrials,27.479999542236328,30.27820007324219,33.256050157546994,-0.1736842044664728,-0.27583090411948497,0.1593,0.1453,0.3542,0.0,7.9123,0.0040999999999999995,-0.023399999999999997,16.6135,17.4906,13.5399,0.05138614115772976,0.8537036561239433,24.658918,4,8,8,True,Finnhub,2026-10-09T02:13+00:00
GLW,Corning Inc.,Information Technology,152.8300018310547,154.90529876708985,151.59299308776855,0.008160065436335406,0.9977556408004706,0.1593,0.0608,0.1531,67.07,1.8132,0.1941,1.3121,71.8443,39.56428,52.7888,0.017545244800028073,1.260525830986657,136.50420000000003,6,8,8,True,Finnhub,2026-10-09T02:13+00:00
COST,Costco,Consumer Staples,947.9199829101562,931.5719970703125,961.0682595825195,-0.013680897835576022,-0.007579553298666664,0.2802,0.1079,0.0385,17.21,1.0598,0.1014,0.1401,45.2707,39.71763,28.1094,0.02248201438848921,1.0177765287769784,417.66738,5,8,8,True,Finnhub,2026-10-09T02:13+00:00
CRH,CRH plc,Materials,81.87999725341797,91.20464569091797,106.81153129577636,-0.23341612782724197,-0.22338400501489097,0.16259999999999997,0.0657,0.1509,76.91,1.5788,0.0629,0.17980000000000002,13.9843,13.80977,8.5286,0.07421040132985039,1.0377805153170268,53.671824,5,8,8,True,Finnhub,2026-10-09T02:13+00:00
CRWD,CrowdStrike,Information Technology,263.010009765625,226.90560028076172,156.54509998321532,0.6800909756602078,0.7151583108039861,0.0129,0.0053,-0.022099999999999998,14.63,1.5701,0.243,,4606.5681,169.85777,2923.0433,0.005653930810587099,26.045217311657673,269.29997,4,8,8,False,Finnhub,2026-10-09T02:13+00:00
CSX,CSX Corporation,Industrials,47.34000015258789,49.027286987304684,44.3135962677002,0.06829515407878572,0.36125994784660587,0.2407,0.0733,0.34149999999999997,133.95999999999998,0.8204,0.0252,0.0636,27.2009,21.18587,15.9645,0.0318929417730562,0.8675167198747246,87.668375,3,8,8,True,Finnhub,2026-10-09T02:13+00:00
CMI,Cummins,Industrials,520.4000244140625,570.4310290527344,600.4983396911621,-0.13338640589463469,0.2964315137739255,0.2189,0.0789,0.11220000000000001,59.9,1.7272,0.029300000000000003,-0.07980000000000001,26.1251,15.83646,17.6481,0.04746963130337367,1.2401488647637675,70.92956,4,8,8,True,Finnhub,2026-10-09T02:13+00:00
CVS,CVS Health,Health Care,87.80000305175781,93.285,87.15080589294433,0.007449123988720663,0.2760289128430904,0.0641,0.0193,0.021099999999999997,77.05,0.8656,0.0736,0.0527,22.9718,10.37213,18.517,0.10467148853323845,2.404492500287847,112.33196000000001,6,8,8,True,Finnhub,2026-10-09T02:13+00:00
DHR,Danaher Corporation,Health Care,217.4600067138672,210.2588589477539,200.7262818145752,0.0833658888513169,-0.013280907799530173,0.0766,0.0472,0.20420000000000002,50.51,1.651,0.045599999999999995,0.1966,37.2597,24.3787,29.0505,0.03663835742915973,1.365134206303263,149.1877,4,8,8,True,Finnhub,2026-10-09T02:13+00:00
DRI,Darden Restaurants,Consumer Discretionary,200.52000427246094,211.50800048828125,202.5289250946045,-0.00991917979718282,0.1280289600233948,0.559,0.0911,0.11689999999999999,211.57,0.2979,0.081,0.0983,19.206,18.35423,12.5934,0.04498992225741434,0.8640764468758998,22.707281,5,8,8,True,Finnhub,2026-10-09T02:13+00:00
DDOG,Datadog,Information Technology,273.79998779296875,246.38200042724608,187.55517532348634,0.4598370176708344,0.4578695187921975,0.04569999999999999,0.0261,0.0040999999999999995,22.57,3.2046,0.3152,0.40090000000000003,552.6736,86.28503,5606.8038,0.010930335506648377,6.040907873667182,98.14598,6,8,8,False,Finnhub,2026-10-09T02:13+00:00
DVA,DaVita,Health Care,177.02000427246094,184.68020050048827,171.30170001983643,0.03338147988001494,0.3965964887316795,1.8122,0.0483,0.1507,7799.379999999999,1.4673,0.0645,0.1998,13.2275,11.94040884736944,7.5574,0.14360594528613485,1.8995476412723487,11.209947,5,8,8,True,Finnhub,2026-10-09T02:13+00:00
DECK,Deckers Brands,Consumer Discretionary,82.55999755859375,86.26200012207032,100.87155006408692,-0.181533370844993,-0.1811594140830769,0.4109999999999999,0.2629,0.2267,0.0,2.7472,0.0785,0.0823,10.7862,10.959323070649404,7.0413,0.1033890945183102,1.1151754512933976,10.946297000000001,6,8,8,True,Finnhub,2026-10-09T02:13+00:00
DE,Deere & Company,Industrials,652.5800170898438,651.1018078613281,588.8097027587891,0.10830377630033516,0.4805889801407168,0.18109999999999998,0.046,0.1946,228.07,0.9375,0.0799,-0.0593,36.2398,31.93078,19.8087,0.02722021699956992,0.986455220021014,176.59654999999998,3,8,8,True,Finnhub,2026-10-09T02:13+00:00
DELL,Dell Technologies,Information Technology,574.5499877929688,502.0292016601563,301.4998307800293,0.9056395033672626,2.5929655272156955,1.307,0.1056,0.0943,535.8399999999999,0.9623,0.4903,1.4525,31.894,19.14439,23.3259,0.023588410542132437,0.7523287658307719,362.89016,6,8,8,True,Finnhub,2026-10-09T02:13+00:00
DAL,Delta Air Lines,Industrials,82.13999938964844,83.77419998168945,75.79834781646728,0.08366477312323983,0.4058188713238102,0.19329999999999997,0.04769999999999999,0.0806,63.959999999999994,0.4236,0.10279999999999999,-0.12710000000000002,13.6901,10.61219,7.8925,0.06298815822625346,0.8623141849332325,54.089492,6,8,8,True,Finnhub,2026-10-09T02:13+00:00
DVN,Devon Energy,Energy,48.91999816894531,47.08240478515625,44.3402760887146,0.10328582688722432,0.42627173796259643,0.149,0.0789,0.2274,27.37,0.7172,0.1464,-0.053399999999999996,16.3977,8.91451,7.5038,0.04505011825656042,0.7387183241356008,53.7845,5,8,8,True,Finnhub,2026-10-09T02:13+00:00
DXCM,Dexcom,Health Care,84.41000366210938,87.25780014038087,73.42440006256103,0.14961788710821056,0.27033164931267284,0.3619,0.1485,0.22920000000000001,49.4,1.7333,0.15539999999999998,0.794,31.8211,29.84247,22.8062,0.04416649000070666,1.4054262949614869,31.811512,7,8,8,True,Finnhub,2026-10-09T02:13+00:00
FANG,Diamondback Energy,Energy,191.67999267578125,196.53024291992188,183.86552200317382,0.04250101154077446,0.39353140743989945,0.039,0.0204,0.0711,33.28,0.4667,0.2145,-0.6319,35.1949,9.58706,9.8919,0.07131395970761276,2.5098876805134602,51.63089,4,8,8,True,Finnhub,2026-10-09T02:13+00:00
DG,Dollar General,Consumer Staples,124.2699966430664,123.58402053833008,125.26243988037109,-0.007922911594668736,0.31094305428862956,0.1956,0.0538,0.0559,49.21,1.2088,0.04769999999999999,0.42340000000000005,15.8501,14.98316,8.5055,0.07447125409591897,1.1803768245457251,26.999081999999998,7,8,8,True,Finnhub,2026-10-09T02:13+00:00
DLTR,Dollar Tree,Consumer Staples,118.62000274658203,123.31159942626954,117.03499980926513,0.013542982354851185,0.3921683691801532,0.4558,0.1173,0.1106,85.64,1.1337,0.48090000000000005,1.9728,13.5327,14.56533,8.1365,0.09322010198279157,1.2615196741025236,21.821403999999998,7,8,8,False,Finnhub,2026-10-09T02:13+00:00
D,Dominion Energy,Utilities,61.75,64.86826843261719,63.34787158966064,-0.025223761265586675,0.11519115687405157,0.0883,0.0217,0.2163,184.72,0.8089,0.21760000000000002,0.0018,21.4085,16.63833,17.0792,0.006525447286784273,0.1397000382391211,54.24916,5,7,8,True,Finnhub,2026-10-09T02:13+00:00
DPZ,Domino's,Consumer Discretionary,308.6499938964844,326.1941491699219,347.282092590332,-0.11124126327878248,-0.2066779390806175,0.3185231,0.3416,0.19519999999999998,,1.5381,0.0516,0.024,16.7506,14.60217,13.659,0.06539837419641747,1.0954620068145104,9.992145500000001,7,8,8,True,Finnhub,2026-10-09T02:13+00:00
DASH,DoorDash,Consumer Discretionary,191.7100067138672,206.26480041503908,185.99542510986328,0.030724312711607915,-0.2873582051191865,0.0848,0.0437,0.044800000000000006,27.49,1.368,0.33590000000000003,0.083,98.7783,48.19638,47.5324,0.02574857546006267,2.5434005113667086,83.07253,5,8,8,False,Finnhub,2026-10-09T02:13+00:00
DOV,Dover Corporation,Industrials,188.9600067138672,196.40443756103517,209.04750663757324,-0.09609059800235675,0.1749164182495695,0.15,0.084,0.16870000000000002,42.32,1.9787,0.0756,-0.4991,22.3001,16.39395,14.794,0.046302084056803396,1.0325411046751214,25.305066,5,8,8,True,Finnhub,2026-10-09T02:13+00:00
DOW,Dow Inc.,Materials,28.59000015258789,29.567492256164552,31.53191252708435,-0.09329952225287652,0.3711580898198048,-0.08,-0.0215,-0.0055000000000000005,113.46000000000001,1.7493,-0.012,,84.2444,15.03123,1649.9257,0.09100009100009099,7.666248066248065,20.62644,3,8,8,False,Finnhub,2026-10-09T02:13+00:00
DHI,D. R. Horton,Consumer Discretionary,135.82000732421875,143.03439849853515,147.57462852478028,-0.07965204668353765,-0.12759022098664563,0.1277,0.0859,0.12279999999999999,29.86,4.2975,-0.0354,-0.1573,12.3941,12.26896,10.1865,0.09651391730687565,1.1962031424931474,37.837992,2,8,8,True,Finnhub,2026-10-09T02:13+00:00
DTE,DTE Energy,Utilities,127.0999984741211,132.41081283569335,138.72986423492432,-0.0838310181080354,-0.020636681549606517,0.10769999999999999,0.0242,0.12,227.05,0.8021,-0.1552,-0.0891,20.142,15.35554,13.1491,0.005541510904031006,0.11161711262899252,26.527064,3,7,8,True,Finnhub,2026-10-09T02:13+00:00
DUK,Duke Energy,Utilities,116.83999633789062,119.51351669311524,122.40110404968262,-0.04543347672366371,-0.007195551833823255,0.09879999999999999,0.026699999999999998,0.2775,166.64000000000001,0.6612,0.0633,0.0771,17.2123,16.51261,11.4155,0.005170911554143323,0.0890032809433811,90.31291,5,7,8,True,Finnhub,2026-10-09T02:13+00:00
DD,DuPont,Industrials,132.47999572753906,134.62646606445313,136.9196630859375,-0.032425345332699695,0.3146854144803244,0.0034,0.0022,0.1324,22.7,2.4268,0.056100000000000004,1.4735,324.0908,17.05152,57.6877,0.048022436082137576,15.563629727808832,17.824996,4,8,8,False,Finnhub,2026-10-09T02:13+00:00
ETN,Eaton Corporation,Industrials,424.510009765625,425.4563287353516,389.89998641967776,0.08876641331475699,0.13185252265671776,0.1959,0.0793,0.1753,101.76,1.2404,0.1553,-0.0115,43.3658,28.83915,28.8868,0.023685681531800395,1.0271485281717496,166.13420000000002,5,8,8,True,Finnhub,2026-10-09T02:13+00:00
EBAY,eBay Inc.,Consumer Discretionary,111.9800033569336,106.75287979125977,101.07573570251465,0.10788214974276622,0.1267103999325001,0.4828,0.12479999999999998,0.2052,144.37,1.0188,0.1469,0.0666,21.8034,16.6907,21.2594,0.05756787252170309,1.255175351739701,48.44715,4,8,8,False,Finnhub,2026-10-09T02:13+00:00
ECHO,EchoStar,Communication Services,93.36000061035156,90.41380004882812,108.61864986419678,-0.14047909150889593,0.21468474759419864,-0.6981,-0.1342,-0.45890000000000003,123.15,5.2008,-0.051699999999999996,,3.4761,10.59095,4.3603,0.0036905925320121994,0.012828868700527607,28.4098,4,8,8,False,Finnhub,2026-10-09T02:13+00:00
ECL,Ecolab,Materials,281.69000244140625,278.64244079589844,272.8644644927979,0.03234403558196308,-0.01627031342610208,0.2141,0.0817,0.1689,131.03,1.8407,0.0711,-0.0036,36.6266,30.57815,24.0702,0.024181983938326268,0.885703852915501,77.51646000000001,4,8,8,True,Finnhub,2026-10-09T02:13+00:00
EIX,Edison International,Utilities,54.29999923706055,61.39852653503418,66.13726314544678,-0.17898025024643271,0.11174872641835476,0.2266,0.042,0.32689999999999997,241.9,0.6622,0.1076,0.374,5.3114,8.60224,6.5138,0.02951611284600263,0.15677188177025836,20.937729,4,7,8,True,Finnhub,2026-10-09T02:13+00:00
EW,Edwards Lifesciences,Health Care,84.23999786376953,88.65320007324219,85.14455005645752,-0.010623723915250016,0.12330551269490653,0.0969,0.0742,0.1821,5.64,4.5221,0.14550000000000002,-0.7518,47.3699,28.068894074244625,33.5239,0.03055963866283245,1.4476070274945068,47.601996,5,8,8,True,Finnhub,2026-10-09T02:13+00:00
ELV,Elevance Health,Health Care,400.94000244140625,397.86584716796875,364.1294172668457,0.10109203878901285,0.12741120932097738,0.1124,0.04,0.0363,69.17,0.2256,0.06269999999999999,-0.0424,17.615,13.95039,13.7914,0.07432789005418503,1.309285783304469,87.423266,4,7,8,True,Finnhub,2026-10-09T02:13+00:00
EME,Emcor,Industrials,778.239990234375,777.9322021484375,775.8684970092773,0.00305656594415038,0.12287744701505354,0.3849,0.1531,0.1038,0.15,1.2768,0.1892,0.33409999999999995,23.8961,21.04336,16.7058,0.03488003013634604,0.8334966881411386,34.390285000000006,5,8,8,True,Finnhub,2026-10-09T02:13+00:00
EMR,Emerson Electric,Industrials,159.05999755859375,155.47332275390625,144.41268642425538,0.10142676171335463,0.16131454252477906,0.1268,0.0613,0.1986,64.35,0.8963,0.0482,-0.0179,34.2031,21.25865,21.9019,0.03927035677119126,1.343167939680732,88.10730000000001,6,8,8,True,Finnhub,2026-10-09T02:13+00:00
ETR,Entergy,Utilities,102.48999786376953,104.64303253173829,105.60017112731934,-0.0294523506008334,0.1443962816819342,0.1033,0.0245,0.2299,186.76999999999998,0.9117,0.0971,-0.2849,27.0528,20.60246,15.3221,0.004211327797964076,0.11392820865276256,49.17047,5,7,8,True,Finnhub,2026-10-09T02:13+00:00
EOG,EOG Resources,Energy,148.50999450683594,144.51880065917967,131.75231266021729,0.12719079846314263,0.37727874269462514,0.2238,0.1296,0.33020000000000005,24.87,1.8514,0.1867,0.2477,11.2736,8.93282,5.8564,0.08532277606184195,0.9618948482107814,77.51755,2,8,8,True,Finnhub,2026-10-09T02:13+00:00
EQT,EQT Corporation,Energy,52.939998626708984,52.79552169799805,55.2314778137207,-0.041488645202291896,-0.03299534476818844,0.1115,0.0653,0.4235,22.39,0.6729,0.3017,1.34,12.1961,12.67663,5.7505,0.11383428005509579,1.3883342629799535,33.07103,7,7,8,True,Finnhub,2026-10-09T02:13+00:00
EFX,Equifax,Industrials,145.5399932861328,170.11399993896484,180.09049499511718,-0.19185077874277123,-0.285636912675688,0.1498,0.0581,0.17850000000000002,124.81,0.6023,0.1035,0.1124,24.1809,16.46859,11.6442,0.06609385327164573,1.5982088565763384,16.718687999999997,7,8,8,True,Finnhub,2026-10-09T02:13+00:00
EL,Estée Lauder Companies (The),Consumer Staples,94.31999969482422,94.4794532775879,91.32528327941894,0.03279175610375762,0.08087009084632113,0.0463,0.0093,0.0518,191.96,1.2216,0.0507,,184.924,28.81457,23.7717,0.05205594973477493,9.626394448753521,33.656164,7,8,8,False,Finnhub,2026-10-09T02:13+00:00
EVRG,Evergy,Utilities,80.5199966430664,81.04285842895507,80.17035190582276,0.004361272327385812,0.08189024294813407,0.0906,0.027000000000000003,0.2651,161.38,0.3591,-0.42619999999999997,0.08439999999999999,19.9987,17.73267,12.5767,0.012174040076939934,0.24346497528669864,18.514807,3,7,8,True,Finnhub,2026-10-09T02:13+00:00
P,Everpure,Information Technology,150.57000732421875,108.11320022583008,80.22350004196167,0.8768815527303304,0.10420928183963718,0.17370000000000002,0.0537,0.0526,0.0,1.5106,0.2721,0.7993000000000001,200.731,54.21079672265365,,0.01014711284198307,2.0368401078841036,50.842152,6,8,8,True,Finnhub,2026-10-09T02:13+00:00
ES,Eversource Energy,Utilities,65.69000244140625,68.59372611999511,68.75103805541993,-0.04452348212613444,-3.2545890801816135e-05,0.0882,0.0229,0.1813,180.7,0.7998,0.0775,0.6618,16.9213,13.69238,12.5452,0.01595540146183388,0.26998613475612965,24.525291000000003,5,7,8,False,Finnhub,2026-10-09T02:13+00:00
EXC,Exelon,Utilities,41.72999954223633,43.19713645935059,44.884370498657226,-0.07027771407678018,-0.03174942869910413,0.09610000000000002,0.0238,0.20800000000000002,177.36,1.0876,0.06559999999999999,0.0366,15.4597,13.97573,10.4056,0.0037871902078409985,0.058548824456159484,43.03983,4,7,8,True,Finnhub,2026-10-09T02:13+00:00
EXE,Expand Energy,Energy,88.86000061035156,92.68499954223633,97.08182796478272,-0.08468966362493391,-0.09368078042555328,0.147,0.0981,0.2708,18.990000000000002,0.9585,0.6073,28.6666,7.3772,10.15432,3.5486,0.12073649260488982,0.8906972532447932,20.515865,7,8,8,False,Finnhub,2026-10-09T02:13+00:00
EXPE,Expedia Group,Consumer Discretionary,270.1300048828125,296.0557531738281,258.88402725219726,0.043440214330642046,0.27046529454445833,1.8484,0.0775,0.15990000000000001,451.53,0.8009,0.12,0.9684,15.9662,12.0527,9.1715,0.15827292583330696,2.5270171884397454,32.507113000000004,6,8,8,True,Finnhub,2026-10-09T02:13+00:00
EXPD,Expeditors International,Industrials,193.7100067138672,186.5240005493164,163.13162078857422,0.18744609890760477,0.5560825821439195,0.4066,0.1876,0.0983,0.0,1.5656,0.0677,0.1215,27.2028,23.81453,19.3513,0.03696352070141977,1.0055112609365817,24.99395,7,8,8,True,Finnhub,2026-10-09T02:13+00:00
XOM,ExxonMobil,Energy,168.5,161.0880325317383,148.6727109527588,0.13336199306637653,0.4789937571709124,0.1268,0.0715,0.1153,16.33,1.1347,0.0962,0.1018,21.0159,14.34181,10.5525,0.04438152130978746,0.9327176136943621,688.41694,4,8,8,True,Finnhub,2026-10-09T02:13+00:00
FFIV,"F5, Inc.",Information Technology,461.6600036621094,416.730400390625,349.2051499176025,0.32203091440959963,0.22333411820108307,0.1986,0.11200000000000002,0.247,0.0,1.6648,0.0941,0.1069,36.3726,25.1123,27.13,0.03669226563732631,1.3345931011202148,26.425074000000002,7,8,8,True,Finnhub,2026-10-09T02:13+00:00
FICO,Fair Isaac,Information Technology,707.4299926757812,979.3685998535157,1197.242946472168,-0.40911742703490905,-0.47690139826049727,1.4571,0.4175,0.5165,846.3900000000001,1.183,0.2409,0.35350000000000004,18.616,16.51237139412026,16.4258,0.06333082121075864,1.1789665676594827,15.172339,6,8,8,True,Finnhub,2026-10-09T02:13+00:00
FAST,Fastenal,Industrials,50.4900016784668,50.11000007629394,46.082714099884036,0.09563862859791605,0.05057545058494606,0.34020000000000006,0.2616,0.2029,2.9499999999999997,4.1795,0.12539999999999998,0.1358,42.4837,36.64901,29.5012,0.02012602919481795,0.8550281865038873,57.438,6,8,8,True,Finnhub,2026-10-09T02:13+00:00
FDX,FedEx,Industrials,291.7300109863281,310.80591735839846,298.2269631958008,-0.0217852609296334,0.6039651247664144,0.1511,0.0478,0.0576,81.25,1.4754,0.07730000000000001,0.0981,15.308,14.99032,8.1685,0.07538976508549199,1.1540665239287113,67.860516,5,8,8,True,Finnhub,2026-10-09T02:13+00:00
FDXF,FedEx Freight,Industrials,,,,,,0.5625,0.0951,0.0323,3.05,1.5166,0.0483,-0.6895,82.7358,25.45724536536155,,,,17.291773000000003,4,7,8,True,Finnhub,2026-10-09T02:13+00:00
FERG,Ferguson Enterprises,Industrials,216.72999572753906,230.78322052001954,236.19770858764647,-0.08242126046232778,-0.018832594945517145,0.40619999999999995,0.1354,0.1058,79.08,1.7292,0.0366,0.3362,17.159,18.0043,12.1053,0.043661067862397776,0.7491802634508834,41.799330000000005,4,8,8,True,Finnhub,2026-10-09T02:13+00:00
FSLR,First Solar,Information Technology,178.85000610351562,205.60380065917968,222.60090118408203,-0.19654410583174675,-0.1087805228510561,0.1802,0.1305,0.33649999999999997,0.72,2.5178,0.2382,0.387,11.0873,9.23506,7.4444,0.11053143514015386,1.2254951808294279,19.358532999999998,6,8,8,False,Finnhub,2026-10-09T02:13+00:00
FE,FirstEnergy,Utilities,44.849998474121094,45.88168304443359,46.768624000549316,-0.041023775392786566,0.035693308201519836,0.08529999999999999,0.0191,0.1704,224.07,0.5407,0.0993,-0.17190000000000003,23.8709,15.50258,12.9079,0.006563725570633892,0.15668203672404457,25.899926,4,7,8,True,Finnhub,2026-10-09T02:13+00:00
FLEX,Flex Ltd.,Information Technology,114.73999786376953,114.52519989013672,100.69740003585815,0.13945343000823107,0.9682096123174808,0.0953,0.0228,0.0495,72.92,1.3592,0.1225,0.1365,42.9455,19.71739,54.4798,0.019767416576560195,0.8489215885886658,41.785976999999995,5,8,8,True,Finnhub,2026-10-09T02:13+00:00
F,Ford Motor Company,Consumer Discretionary,12.25,13.553147869110107,13.25286262512207,-0.07567139670044176,0.18096358328845752,-0.18899999999999997,-0.0255,-0.0374,450.65,1.0886,0.0147,,10.1146,6.87942,237.9434,0.17378308395460787,1.7577463809672766,47.99071,2,8,8,False,Finnhub,2026-10-09T02:13+00:00
FTNT,Fortinet,Information Technology,189.10000610351562,166.56260009765626,120.73439990997315,0.5662479479296705,0.8513895973940029,1.8795,0.2095,0.32439999999999997,32.04,1.2825,0.1877,0.13269999999999998,65.4796,47.18367,52.4448,0.022446638728083664,1.4697969252594272,138.86264000000003,5,8,8,True,Finnhub,2026-10-09T02:13+00:00
FTV,Fortive,Industrials,56.41999816894531,57.95970924377441,58.21291399002075,-0.0307992797162292,0.12996021034345717,0.0852,0.04569999999999999,0.18230000000000002,57.9,1.2413,-0.298,-0.2329,31.8972,17.57154,23.7005,0.05601958444672257,1.7868678890139995,17.045844000000002,5,8,8,True,Finnhub,2026-10-09T02:13+00:00
FOXA,Fox Corporation (Class A),Communication Services,63.56999969482422,64.64368537902833,62.66643260955811,0.014418677554150383,0.04790729223343093,0.1474,0.0762,0.1953,56.81,3.1695,0.0507,-0.21760000000000002,15.0014,10.89988,7.3711,0.098626137899066,1.4795301450790488,25.27732,5,8,8,True,Finnhub,2026-10-09T02:13+00:00
FOX,Fox Corporation (Class B),Communication Services,56.970001220703125,57.70327621459961,56.2634994506836,0.012557017905343582,0.047581008524443025,0.1474,0.0762,0.1953,56.81,3.1695,0.0507,-0.21760000000000002,15.0014,10.89988,7.3711,0.098626137899066,1.4795301450790488,25.27732,5,8,8,True,Finnhub,2026-10-09T02:13+00:00
FCX,Freeport-McMoRan,Materials,71.13999938964844,71.35980010986329,63.92593431472778,0.11285036585313724,0.8935730434519757,0.1526,0.0504,0.2676,46.68,2.0661,-0.24230000000000002,0.5311,34.6619,19.29146,11.8396,0.024187072493493677,0.8383698880622286,102.07930499999999,4,8,8,True,Finnhub,2026-10-09T02:13+00:00
GRMN,Garmin,Consumer Discretionary,268.44000244140625,288.7152874755859,246.12859481811523,0.09064939260624616,0.07525791169124019,0.21,0.1711,0.2761,0.0,3.0284,0.1351,0.1973,27.1785,26.24389,21.3915,0.031355924231544686,0.8522069867270373,51.022027,7,8,8,True,Finnhub,2026-10-09T02:13+00:00
IT,Gartner,Information Technology,195.41000366210938,185.1390008544922,171.86219989776612,0.1370156077273006,-0.30815020391607195,1.1982,0.10280000000000002,0.1725,4706.1900000000005,0.8802,0.0068000000000000005,-0.3145,15.5178,13.506489556852223,10.365,0.10712831829965933,1.6623958177104534,12.031773999999999,5,8,8,True,Finnhub,2026-10-09T02:13+00:00
GE,GE Aerospace,Industrials,305.6199951171875,337.157568359375,323.10512313842776,-0.05411591079522782,0.08263237576443716,0.4903,0.0697,0.1672,108.60000000000001,0.9819,0.217,0.1832,34.4724,36.57117,34.1062,0.027149198419916653,0.9358980276107348,309.21747,5,8,8,True,Finnhub,2026-10-09T02:13+00:00
GEHC,GE HealthCare,Health Care,64.22000122070312,68.75169967651367,70.87940126419068,-0.09395395452997402,-0.12345236113759195,0.18899999999999997,0.0539,0.1286,92.46,1.2644,0.0652,-0.1101,14.6132,12.55351,12.2079,0.05443450712275526,0.7954623394862472,29.007291000000002,3,8,8,True,Finnhub,2026-10-09T02:13+00:00
GEV,GE Vernova,Industrials,999.3499755859375,968.2550036621094,924.1736123657226,0.08134441647579238,0.5726250008578777,0.8339,0.1392,0.15439999999999998,23.369999999999997,0.8496,0.1298,7.444400000000001,27.9346,37.44093,36.2474,0.046746228747995756,1.3058372015837623,266.16047,5,8,8,False,Finnhub,2026-10-09T02:13+00:00
GEN,Gen Digital,Information Technology,22.75,27.613432464599608,24.3301264667511,-0.06494526318679261,0.11186266295295422,0.4189,0.0667,0.4131,307.08000000000004,0.4658,0.2016,0.797,12.9808,8.80259,9.1854,0.11325156570289584,1.4700959240761504,13.668734,6,8,8,True,Finnhub,2026-10-09T02:13+00:00
GNRC,Generac,Industrials,224.39999389648438,202.6867999267578,214.1282502746582,0.04797005350135164,0.11698112690203621,0.09539999999999998,0.0458,0.0916,46.2,2.0447,0.0060999999999999995,-0.2557,51.181,23.208498364648946,27.5478,0.028699098561314192,1.4688485634666215,13.214669,5,8,8,True,Finnhub,2026-10-09T02:13+00:00
GD,General Dynamics,Industrials,329.8999938964844,364.89980041503907,353.3370436096191,-0.06633057625010563,0.045021609319882305,0.1743,0.0767,0.1032,28.02,1.4409,0.0913,0.1013,19.5314,18.95005,13.7524,0.0734386933787674,1.4343604958580578,87.63753,6,8,8,True,Finnhub,2026-10-09T02:13+00:00
GIS,General Mills,Consumer Staples,32.59000015258789,36.79219997406006,37.73180448532104,-0.13627242065068712,-0.2264349140295916,-0.1069,-0.0286,-0.0113,182.75,0.7038,-0.0449,-0.6675,10.9353,11.78439,86.5059,0.0904895484571532,0.9895303592435073,17.085928,4,8,8,False,Finnhub,2026-10-09T02:13+00:00
GM,General Motors,Consumer Discretionary,82.25,84.84924697875977,80.3830352783203,0.023225854998078388,0.47542143773544,0.030899999999999997,0.0069,0.0055000000000000005,205.96,1.136,-0.0111,-0.5508,36.4622,5.69895,11.3343,0.03436296222479563,1.2529492012329433,71.0648,3,8,8,True,Finnhub,2026-10-09T02:13+00:00
GPC,Genuine Parts Company,Consumer Discretionary,128.1699981689453,131.37101409912108,118.11382434844971,0.0851396851805315,0.03041920887665328,0.0072,0.0016,0.006999999999999999,110.01,1.1589,0.0547,-0.9570000000000001,524.7263,15.74339,29.1353,0.0461222701381362,24.2015681571847,17.193182,5,8,8,True,Finnhub,2026-10-09T02:13+00:00
GILD,Gilead Sciences,Health Care,147.10000610351562,143.80549255371093,135.75083503723144,0.0836029558357525,0.2708823405364913,-0.163,-0.0581,-0.08199999999999999,221.89999999999998,1.2654,0.0552,,18.7685,22.01879,18.5781,0.07075288141109547,1.3279254547641453,179.9361,7,8,8,True,Finnhub,2026-10-09T02:13+00:00
GDDY,GoDaddy,Information Technology,103.19000244140625,96.67799942016602,92.88964969635009,0.11088805672889612,-0.3080505986708486,6.6095,0.11320000000000001,0.2484,56334.33,0.6321,0.0741,0.20129999999999998,14.12,13.941732771340584,11.3701,0.13248542660307366,1.8706942236354,12.853476,4,8,8,True,Finnhub,2026-10-09T02:13+00:00
HAL,Halliburton,Energy,32.56999969482422,33.93981063842774,35.2622128868103,-0.0763483902904204,0.5602065387921449,0.1509,0.0634,0.1144,65.03999999999999,2.0183,0.0063,-0.1075,16.8368,12.0021,8.6136,0.06395374864897706,1.076776475253097,26.972596000000003,3,8,8,True,Finnhub,2026-10-09T02:13+00:00
HAS,Hasbro,Consumer Discretionary,92.5,91.71367797851562,89.49836502075195,0.03353843367476106,0.22731850430491152,1.382,0.1379,0.2339,501.72999999999996,1.6613,0.1699,,16.2536,13.54612,12.7121,0.08417154160178444,1.3680905685787634,12.906979,4,8,8,False,Finnhub,2026-10-09T02:13+00:00
HCA,HCA Healthcare,Health Care,445.010009765625,419.1062902832031,443.77952453613284,0.0027727399788854967,-0.031163655289938474,6.9573,0.1116,0.1548,12579.76,0.993,0.0731,0.2546,14.0743,13.95718,9.2064,0.062294816448323326,0.876755935138637,96.26794,6,8,8,True,Finnhub,2026-10-09T02:13+00:00
HSIC,Henry Schein,Health Care,84.62999725341797,87.62739974975585,80.40979999542236,0.052483618392731524,0.35588786906227465,0.1237,0.0358,0.05,109.66,1.3188,0.0649,0.10339999999999999,22.9198,15.04738,13.1464,0.07026320596956198,1.6104186281811665,9.236689,3,8,8,True,Finnhub,2026-10-09T02:13+00:00
HSY,Hershey Company (The),Consumer Staples,162.5399932861328,174.36565643310547,188.17584548950197,-0.1362334902053055,-0.08749172469989985,0.313,0.1033,0.16899999999999998,122.97,1.1801,-0.124,-0.33520000000000005,27.6883,17.75023,15.9725,0.1047998323202683,2.901729197233285,32.425422,4,8,8,True,Finnhub,2026-10-09T02:13+00:00
HPE,Hewlett Packard Enterprise,Information Technology,71.0,57.55329864501953,37.65512924194336,0.885533297304804,1.4010757451521352,0.11020000000000002,0.0355,0.0703,76.35,1.1127,0.2659,1.2823,33.6313,13.6745,25.6644,0.044276390942821466,1.4890725867153118,93.86502,4,8,8,True,Finnhub,2026-10-09T02:13+00:00
HLT,Hilton Worldwide,Consumer Discretionary,323.2900085449219,317.21494934082034,316.4889691162109,0.021489025186889554,0.1892678177109428,1.7101,0.095,0.2335,7365.000000000001,0.6491,0.0874,0.0449,46.122,30.63593,27.4835,0.026540827755336036,1.2241160577316086,73.05719500000001,4,8,8,True,Finnhub,2026-10-09T02:13+00:00
HD,Home Depot (The),Consumer Discretionary,295.4700012207031,317.28957397460937,333.46374404907226,-0.11393665280378429,-0.1746812574720492,1.0268,0.1328,0.1243,318.32,1.0781,0.025,-0.0294,19.998,19.52189,13.7506,0.053070105609510164,1.0612959719789843,284.51115999999996,3,8,8,True,Finnhub,2026-10-09T02:13+00:00
HONA,Honeywell Aerospace,Industrials,,,,,,0.3199,0.1519,0.1723,0.0,1.5258,0.054299999999999994,-0.7084999999999999,13.6849,19.5621,,0.05854903774656464,0.8012377266579624,48.81389,5,8,8,True,Finnhub,2026-10-09T02:13+00:00
HON,Honeywell Technologies,Industrials,206.60000610351562,218.66657135009766,229.02404830932616,-0.09791129958336953,0.011492275658263384,0.536,0.11259999999999999,0.2884,183.35,1.2106,-0.0011,1.6974,7.5936,22.37243,7.7397,0.07668006011716713,0.5822777045057204,65.479805,5,8,8,True,Finnhub,2026-10-09T02:13+00:00
HRL,Hormel Foods,Consumer Staples,19.420000076293945,22.195999946594238,22.751166534423827,-0.14641739152538114,-0.08040293810849708,0.0433,0.025700000000000004,0.0462,36.4,1.8817,0.0073,-0.5465,31.3465,13.02488,15.3177,0.07227261229357136,2.2654934412604346,10.742848,5,8,8,True,Finnhub,2026-10-09T02:13+00:00
HWM,Howmet Aerospace,Industrials,222.55999755859375,253.5764254760742,248.911611328125,-0.10586735439510497,0.21750908480756315,0.3441,0.1538,0.272,78.52,1.8183,0.1808,0.3522,47.3776,36.5539,33.2668,0.020204510050733527,0.9572411953796327,88.64358,6,8,8,True,Finnhub,2026-10-09T02:13+00:00
HPQ,HP Inc.,Information Technology,32.439998626708984,30.799110832214357,23.367782878875733,0.38823605109898773,0.282135363123835,0.1685,0.057,0.0545,31.95,0.7875,0.0814,-0.044199999999999996,11.9172,10.07005,9.8616,0.1328691770083176,1.5834285562435224,29.209011999999998,4,8,8,True,Finnhub,2026-10-09T02:13+00:00
HUBB,Hubbell Incorporated,Industrials,475.4100036621094,471.27616821289064,486.06019577026365,-0.021911261610872756,0.13889431079629655,0.2372,0.1002,0.2016,137.34,1.6094,0.1061,0.0977,27.8029,20.73801,20.1376,0.03594755969990977,0.9994464075806214,25.075395,3,8,8,True,Finnhub,2026-10-09T02:13+00:00
HUM,Humana,Health Care,387.1199951171875,386.7133984375,295.2927001953125,0.3109704197263887,0.3696208507332903,0.0692,0.0242,0.0181,74.15,0.0055,0.1833,-0.18960000000000002,35.9377,25.49003,16.1669,0.08273830700876199,2.973424455788786,45.96434,3,7,8,True,Finnhub,2026-10-09T02:13+00:00
HII,Huntington Ingalls Industries,Industrials,265.0199890136719,291.68654296875,340.2473191833496,-0.22109602612075208,0.00048181973049632454,0.1289,0.0526,0.0529,50.870000000000005,1.2302,0.13970000000000002,0.257,15.5395,13.32011,14.0125,0.1222792858889704,1.9001589630716555,10.271597,8,8,8,True,Finnhub,2026-10-09T02:13+00:00
IBM,IBM,Information Technology,226.61000061035156,231.74656158447266,251.2800427246094,-0.09817748296586759,-0.1622904475258049,0.33509999999999995,0.0707,0.15109999999999998,179.92,0.7908,0.079,0.8266,19.3207,17.90917,21.8927,0.0634437254155564,1.2257771856363404,207.17534,6,8,8,True,Finnhub,2026-10-09T02:13+00:00
IEX,IDEX Corporation,Industrials,231.75,229.86114685058592,210.5238230895996,0.10082553413143391,0.3778419456134181,0.1291,0.0749,0.2069,46.379999999999995,3.049,0.0732,0.1242,32.6496,24.06219,22.1886,0.03782105346762329,1.2348422672965131,16.961475,7,8,8,True,Finnhub,2026-10-09T02:13+00:00
IDXX,Idexx Laboratories,Health Care,513.1400146484375,540.2456048583985,584.3317497253418,-0.12183444611792371,-0.1787558979177135,0.7196000000000001,0.3361,0.32030000000000003,60.08,1.1723,0.1277,0.1843,35.1829,32.21002,25.3418,0.030852865768436898,1.0854932910443384,40.09644,6,8,8,True,Finnhub,2026-10-09T02:13+00:00
ITW,Illinois Tool Works,Industrials,264.7099914550781,275.2513238525391,265.65301025390625,-0.003549814089916725,0.051788451907218036,1.0175,0.19640000000000002,0.265,334.96999999999997,1.1087,0.043,-0.0319,23.3359,22.31951,18.7985,0.03918971348400472,0.9145272348913857,74.535,3,8,8,True,Finnhub,2026-10-09T02:13+00:00
ILMN,"Illumina, Inc.",Health Care,264.57000732421875,225.45480041503907,165.56909984588623,0.5979431401782325,1.120397179901801,0.3108,0.1268,0.19519999999999998,70.16,1.7959,0.048799999999999996,-0.31920000000000004,47.0617,42.06292,36.8646,0.02397886023681522,1.128485926806927,38.825875,7,8,8,False,Finnhub,2026-10-09T02:13+00:00
INCY,Incyte,Health Care,112.75,122.81480010986328,107.14750007629395,0.05228773344890736,0.44556619000965036,0.296,0.2263,0.3056,0.52,4.5931,0.2693,0.8031,13.9554,17.37922,10.2729,0.08534826358957727,1.1910691576979866,22.501479,7,8,8,True,Finnhub,2026-10-09T02:13+00:00
IR,Ingersoll Rand,Industrials,78.0,78.65531005859376,81.51665943145753,-0.04314037714480279,-0.09461540757936393,0.0946,0.0526,0.1808,46.85,1.6158,0.0785,0.9111,31.6597,19.48976,18.3527,0.04015499829341257,1.271295199469954,30.364836,5,8,8,True,Finnhub,2026-10-09T02:13+00:00
PODD,Insulet Corporation,Health Care,134.47000122070312,142.69180053710937,190.26735054016115,-0.2932576144096801,-0.5599936423743055,0.17370000000000002,0.0749,0.1689,62.64999999999999,2.8143,0.29410000000000003,0.6685,24.8227,19.13447,21.6883,0.028502615114936798,0.7075118642135416,9.318430000000001,6,8,8,True,Finnhub,2026-10-09T02:13+00:00
INTC,Intel,Information Technology,107.08000183105469,102.80920013427735,82.69105003356934,0.2949406469936515,1.8582190771408387,-0.1076,-0.0548,0.09359999999999999,57.730000000000004,1.604,0.0747,,829.958,63.01586,36.6602,0.009302870772891806,7.720992020927738,577.34844,6,8,8,False,Finnhub,2026-10-09T02:13+00:00
IFF,International Flavors & Fragrances,Materials,84.6500015258789,84.15229354858398,76.03091682434082,0.11336289316951564,0.40578354292251095,0.020500000000000004,0.0114,0.075,40.78,2.0608,-0.11720000000000001,-0.9183,73.7383,23.73157,21.11,0.025065357920778433,1.8482768819697362,21.38412,5,8,8,False,Finnhub,2026-10-09T02:13+00:00
IP,International Paper,Materials,31.8799991607666,37.29917358398438,37.15842921257019,-0.14205202328676392,-0.20861727982550426,-0.22390000000000002,-0.0908,-0.1328,63.75999999999999,1.0983,-0.1802,,71.1166,13.93136,12.9695,0.03339767952922631,2.375129416008176,16.617901999999997,4,8,8,False,Finnhub,2026-10-09T02:13+00:00
INTU,Intuit,Information Technology,303.8800048828125,320.49165100097656,382.5904493713379,-0.20573029101447837,-0.517520274945956,0.2342,0.1272,0.2743,40.38,1.5065,0.139,0.20370000000000002,17.3159,12.1493,12.8793,0.10898707413300783,1.8872092769797502,79.06444,7,8,8,True,Finnhub,2026-10-09T02:13+00:00
ISRG,Intuitive Surgical,Health Care,415.4100036621094,384.6773992919922,444.1924496459961,-0.0647972427420258,-0.19889330004411465,0.17810000000000004,0.1554,0.3128,0.0,4.9627,0.2066,0.21760000000000002,46.655,34.27433,39.8161,0.02200617053021667,1.0266978860872589,146.44081,6,8,8,True,Finnhub,2026-10-09T02:13+00:00
IQV,IQVIA,Health Care,258.8800048828125,256.4211999511719,206.61644966125488,0.252949633522612,0.2793986368886048,0.2195,0.04650000000000001,0.1292,259.26,0.7063,0.0817,0.168,30.7126,20.010031295818802,16.6725,0.0517170045510964,1.5883636739760034,42.229773,4,8,8,True,Finnhub,2026-10-09T02:13+00:00
JBHT,J.B. Hunt,Industrials,228.4199981689453,256.33656799316407,243.46320426940918,-0.06178841745554908,0.9285129392094285,0.1875,0.0846,0.07519999999999999,31.319999999999997,1.2552,0.0528,0.28190000000000004,30.9994,25.34369,13.1726,0.05259503923589927,1.6304146592893358,20.909223,6,8,8,True,Finnhub,2026-10-09T02:13+00:00
JBL,Jabil,Information Technology,299.1600036621094,316.73225830078127,303.2402069854736,-0.013455350673730715,0.5384910698136534,0.7411,0.04569999999999999,0.047400000000000005,209.49,0.9929,0.2064,0.6396000000000001,29.8251,18.39565,18.2475,0.04421159670181488,1.318615292791299,31.077754000000002,6,8,8,True,Finnhub,2026-10-09T02:13+00:00
J,Jacobs Solutions,Industrials,138.58999633789062,143.23617645263673,132.65867038726807,0.04471118196275703,-0.07758556662132243,0.0992,0.0291,0.045700000000000005,109.65,1.2874,0.6021,1.036,47.9286,17.39019,25.2663,0.07086418878219893,3.3964213584664993,16.220382,6,8,8,True,Finnhub,2026-10-09T02:13+00:00
JNJ,Johnson & Johnson,Health Care,256.4800109863281,264.7585299682617,240.73333656311036,0.06541127476580155,0.4458087510341746,0.2574,0.106,0.25730000000000003,57.709999999999994,1.0889,0.0806,-0.0775,29.0134,21.97608,19.7714,0.036444344020029815,1.057374330790733,610.355,3,8,8,True,Finnhub,2026-10-09T02:13+00:00
JCI,Johnson Controls,Industrials,154.0,146.87634979248048,137.7129119873047,0.1182684163573331,0.34584964791204187,0.2694,0.0935,0.1417,70.28,0.9998,0.0508,0.7090000000000001,25.9492,24.10956,27.0064,0.024022234980698134,0.623357779961132,92.87228,5,8,8,True,Finnhub,2026-10-09T02:13+00:00
KVUE,Kenvue,Consumer Staples,17.729999542236328,18.281148071289063,17.556441526412964,0.009885717191735699,0.14698865656005045,0.1558,0.061500000000000006,0.1707,80.36,1.0055,0.0176,0.17170000000000002,20.54,14.40662,12.9576,0.05620282475397213,1.1544060204465876,34.055316,6,8,8,True,Finnhub,2026-10-09T02:13+00:00
KDP,Keurig Dr Pepper,Consumer Staples,31.260000228881836,31.092026557922363,29.066673831939696,0.07545845835762677,0.2974231926645994,0.0519,0.021099999999999997,0.1623,105.25999999999999,0.4793,0.2748,-0.0712,29.7007,12.76537,20.1018,0.046363050503270914,1.3770150540824986,42.38293,6,8,8,True,Finnhub,2026-10-09T02:13+00:00
KEYS,Keysight Technologies,Information Technology,374.6700134277344,339.98700134277345,306.1452494812012,0.2238308909338178,0.9463161963331534,0.2017,0.1085,0.2025,38.3,2.0237,0.2554,1.3185,51.5355,32.6984108975503,43.7267,0.022622694181895508,1.165871856011076,64.934754,4,8,8,True,Finnhub,2026-10-09T02:13+00:00
KMB,Kimberly-Clark,Consumer Staples,97.73999786376953,103.31395706176758,100.36419132232666,-0.026146710534729944,-0.15186187696036957,1.2257,0.1122,0.1516,373.66,0.9093,-0.1219,-0.1913,16.3959,13.30011,11.6199,0.05677914615520011,0.9309452024460456,32.053969,4,8,8,True,Finnhub,2026-10-09T02:13+00:00
KMI,Kinder Morgan,Energy,32.25,31.453176383972167,31.183423280715942,0.034203323659581564,0.1664651003664177,0.11110000000000002,0.0475,0.2973,101.95,0.4583,0.1246,0.271,20.81,20.09781,13.3385,0.045780628384905216,0.9526948766898774,72.14838,5,8,8,True,Finnhub,2026-10-09T02:13+00:00
KLAC,KLA Corporation,Information Technology,196.72000122070312,187.62576385498048,179.0732573699951,0.09854483081327392,0.6953069578469675,0.8538,0.2847,0.4177,92.72,2.8762,0.11710000000000001,0.20629999999999998,52.9497,32.665,42.8635,0.014727583880953994,0.7798211482213497,255.78779999999998,6,8,8,True,Finnhub,2026-10-09T02:13+00:00
KHC,Kraft Heinz,Consumer Staples,22.479999542236328,24.41409339904785,23.234233713150026,-0.03246219265182049,0.034412684445289665,-0.08439999999999999,-0.0426,-0.1292,52.769999999999996,1.0614,-0.016200000000000003,,13.678,12.67104,17.108,0.14337328668922406,1.9610598153352068,26.615812000000002,4,8,8,False,Finnhub,2026-10-09T02:13+00:00
KR,Kroger,Consumer Staples,61.40999984741211,58.16595962524414,62.85964582443237,-0.023061631321772635,-0.13697168750029898,0.0347,0.0044,0.0139,290.75,0.7018,0.0158,-0.5313,32.8879,10.85767,15.2479,0.06680963929475744,2.1972287361620535,35.683367,6,8,8,True,Finnhub,2026-10-09T02:13+00:00
LHX,L3Harris,Industrials,236.9199981689453,259.23821533203125,307.278431854248,-0.22897290011775373,-0.15547642190469957,0.0941,0.045,0.1012,52.75,1.1839,0.0729,0.1143,23.4984,18.86217,17.0971,0.06817143753110322,1.6019197076808758,44.03603,7,8,8,True,Finnhub,2026-10-09T02:13+00:00
LH,Labcorp,Health Care,314.20001220703125,319.6051940917969,280.4428821563721,0.12037078563411896,0.15995965973151094,0.1157,0.054000000000000006,0.1043,68.84,1.7956,0.0641,0.3332,25.4231,16.01259,17.4429,0.04533461479177812,1.1525464453128542,25.48162,7,8,8,True,Finnhub,2026-10-09T02:13+00:00
LRCX,Lam Research,Information Technology,320.5899963378906,310.02380798339846,277.99597274780274,0.15321813179189148,1.2583689769278972,0.6697,0.3317,0.3529,29.95,2.6293,0.2602,0.3862,56.7563,31.43094,47.5057,0.011861692663543087,0.6732257873198505,412.35684000000003,7,8,8,True,Finnhub,2026-10-09T02:13+00:00
LVS,Las Vegas Sands,Consumer Discretionary,36.099998474121094,42.93186721801758,50.6449691772461,-0.2871947784630069,-0.14539496112042516,1.3984,0.0817,0.21489999999999998,2626.85,0.9968,0.18109999999999998,0.2956,13.3518,11.8251,7.8193,0.11709327650406313,1.5634060092269502,23.058615000000003,7,8,8,True,Finnhub,2026-10-09T02:13+00:00
LDOS,Leidos,Industrials,119.22000122070312,130.38191329956055,145.0315817642212,-0.1779721370306787,-0.34414056892880496,0.2735,0.09480000000000001,0.11380000000000001,114.14,1.6292,0.0341,0.8567,10.2897,9.75461,7.9362,0.1858390633711206,1.9122282103698196,14.158659,7,8,8,True,Finnhub,2026-10-09T02:13+00:00
LEN,Lennar,Consumer Discretionary,77.5999984741211,82.47640029907227,92.27699230194092,-0.1590536650760681,-0.32547763314741907,0.0601,0.0388,0.0559,27.279999999999998,7.7942,-0.0803,-0.4777,13.7551,15.00029,11.6605,0.09303970004000707,1.2797703780203011,17.995326000000002,3,8,8,True,Finnhub,2026-10-09T02:13+00:00
LII,Lennox International,Industrials,361.5400085449219,388.48083068847654,480.8079782104492,-0.2480573847993094,-0.3011761282470621,0.6695,0.1932,0.198,121.9,1.5692,-0.021099999999999997,-0.030299999999999997,15.5079,14.67505,11.8179,0.06318396643667702,0.9798506331033436,12.314833,4,8,8,True,Finnhub,2026-10-09T02:13+00:00
LLY,Lilly (Eli),Health Care,1169.5999755859375,1173.1121655273437,1073.613558959961,0.08940499663487977,0.3409910125699962,0.9258,0.21969999999999998,0.42219999999999996,162.07,1.3546,0.49579999999999996,0.9462,41.0101,26.24741,31.9433,0.012378627556805522,0.5076487539673501,1095.429,6,8,8,True,Finnhub,2026-10-09T02:13+00:00
LIN,Linde plc,Materials,481.70001220703125,477.68180114746093,484.8259571838379,-0.006447561089682585,0.005549624362003902,0.1875,0.0834,0.2645,71.67999999999999,0.879,0.0663,0.1012,30.6535,24.4001,18.5692,0.02240444504189631,0.6867746560917686,222.05416,3,8,8,True,Finnhub,2026-10-09T02:13+00:00
LYV,Live Nation Entertainment,Communication Services,171.33999633789062,176.49280029296875,164.44655052185058,0.04191906606836415,0.09437973018280399,1.7966,0.0054,0.0305,11176.32,0.8515,0.1075,-0.8693000000000001,297.901,,27.0441,0.053818995952811505,16.0327327133385,40.127269999999996,4,8,8,True,Finnhub,2026-10-09T02:13+00:00
LMT,Lockheed Martin,Industrials,507.8900146484375,548.7196484375,557.7431896972656,-0.08938374500975554,0.05271635088352067,0.8624,0.10400000000000001,0.1188,234.24,1.1929,0.07200000000000001,0.528,18.4405,16.24845,12.2378,0.07780163694644136,1.4347010861108518,115.93543,5,8,8,True,Finnhub,2026-10-09T02:13+00:00
LOW,Lowe's,Consumer Discretionary,188.85000610351562,202.67140045166016,228.6892111968994,-0.1742067537199321,-0.1551128639956606,2.6453,0.1217,0.11380000000000001,5223.37,1.1046,0.0816,-0.0274,15.32,15.40189,10.9203,0.06878194061367247,1.0537393302014624,101.77081,5,8,8,True,Finnhub,2026-10-09T02:13+00:00
LULU,Lululemon Athletica,Consumer Discretionary,92.68000030517578,109.93160064697265,142.61554985046388,-0.35014098811557937,-0.4241496663676354,0.2973,0.1697,0.1784,0.0,2.19,0.0174,-0.1709,7.5051,11.58437,4.6584,0.12726208353483162,0.9551146631372648,10.642099,4,8,8,True,Finnhub,2026-10-09T02:13+00:00
LITE,Lumentum,Information Technology,1048.5999755859375,912.135703125,760.6269258117676,0.3785995998851013,5.293223155453616,-3.0007,-1.1678,-2.3903,35.260000000000005,1.6778,0.8321999999999999,,106.2787,39.13663,298.2845,0.0032838015651255018,0.3489981613995037,96.9608,5,8,8,False,Finnhub,2026-10-09T02:13+00:00
LYB,LyondellBasell,Materials,60.34000015258789,62.08560478210449,61.33056854248047,-0.01615129964442552,0.39578780346846565,-0.0334,-0.0102,0.0070999999999999995,120.98,1.6413,-0.1127,3.8465,70.9779,8.50521,17.7137,0.11199086154569787,7.94887617170439,18.89449,2,8,8,False,Finnhub,2026-10-09T02:13+00:00
MPC,Marathon Petroleum,Energy,463.3399963378906,375.9007141113281,266.0265874481201,0.7417055971078461,1.1202456623276107,0.48710000000000003,0.0978,0.0906,172.01999999999998,1.2504,0.1576,3.3024,14.5192,8.2465,8.5532,0.10385833722802097,1.507939969881082,124.197555,6,8,8,True,Finnhub,2026-10-09T02:13+00:00
MAR,Marriott International,Consumer Discretionary,361.0799865722656,349.93076599121093,349.3154962158203,0.033678695860594576,0.2498805719842585,3.0912,0.09300000000000001,0.158,7612.139999999999,0.5347,0.0472,0.08839999999999999,35.8541,27.3038,24.1183,0.033766558276014595,1.210669557084055,92.75457,5,8,8,True,Finnhub,2026-10-09T02:13+00:00
MLM,Martin Marietta Materials,Materials,481.57000732421875,514.3699633789063,585.0786050415039,-0.17691400236715638,-0.1966150352238173,0.23070000000000002,0.1241,0.20629999999999998,51.54,1.4066,0.0006,1.2565,13.7128,24.09932,19.125,0.030689438229833204,0.42083812855805675,33.692324,5,8,8,True,Finnhub,2026-10-09T02:13+00:00
MRVL,Marvell Technology,Information Technology,274.6600036621094,234.65339935302734,170.78552242279054,0.6082159644783642,1.70795293368022,0.1622,0.1074,0.3557,26.779999999999998,3.1684,0.3062,0.49369999999999997,91.2343,44.98982,64.8453,0.007153019539903478,0.6526007306094159,240.84936,7,8,8,False,Finnhub,2026-10-09T02:13+00:00
MAS,Masco,Industrials,69.5,71.31736038208008,69.72958387374878,-0.0032924887973584394,0.031233751911498242,2.7976,0.1672,0.1753,1433.33,1.8645,-0.005600000000000001,0.1534,15.1839,15.12988,12.9179,0.07859905052346967,1.1934401232433112,13.42255,5,8,8,True,Finnhub,2026-10-09T02:13+00:00
MKC,McCormick & Company,Consumer Staples,45.939998626708984,51.242800064086914,54.48248037338257,-0.15679318724349078,-0.19014133487841622,0.2232,0.0951,0.1318,71.65,0.6572,0.1323,0.9163,8.1828,15.21088,13.138,0.0759151572202906,0.621198548502194,12.196517,4,8,8,True,Finnhub,2026-10-09T02:13+00:00
MCD,McDonald's,Consumer Discretionary,236.89999389648438,255.43732543945313,284.79612243652343,-0.16817689837302596,-0.12257118174177706,0.9513000000000001,0.1464,0.4622,4064.06,1.0814,0.063,0.054400000000000004,18.7751,18.33299,15.3718,0.04704819617215876,0.8833345879518979,164.95831,4,8,8,True,Finnhub,2026-10-09T02:13+00:00
MCK,McKesson Corporation,Health Care,930.25,881.8319165039062,848.1183139038086,0.09683989220577849,0.19338057151595267,0.3943,0.0542,0.0158,129.17000000000002,0.8931,0.08839999999999999,0.4907,23.2891,18.79538,16.5002,0.06093845216331505,1.4192017062766606,106.94367999999999,6,8,8,True,Finnhub,2026-10-09T02:13+00:00
MDT,Medtronic,Health Care,87.75,89.45984603881836,86.97968269348145,0.008856290143448353,-0.04237339968773923,0.1061,0.0567,0.1808,56.05,2.0671,0.0977,0.1225,21.3399,14.7788,16.23,0.05492000900688147,1.1719875002059499,111.67154,7,8,8,True,Finnhub,2026-10-09T02:13+00:00
MRK,Merck & Co.,Health Care,142.3800048828125,142.61001861572265,122.32669036865235,0.16393245377379273,0.7232154662504946,0.066,0.0242,0.0958,128.55,1.3227,0.0464,-0.807,109.8681,19.63356,41.2843,0.046077003888899126,5.062392870965958,348.61134000000004,3,8,8,True,Finnhub,2026-10-09T02:13+00:00
META,Meta Platforms,Communication Services,720.8900146484375,635.7985278320313,628.8865399169922,0.14629582427314958,-0.08090242138883597,0.2973,0.17980000000000002,0.38079999999999997,32.029999999999994,2.2256,0.27649999999999997,-0.0369,26.9838,22.28369,17.3793,0.02229937807034562,0.601721957974592,1837.5416,3,8,8,True,Finnhub,2026-10-09T02:13+00:00
MTD,Mettler Toledo,Health Care,1529.4599609375,1422.423994140625,1321.4768969726563,0.15738683320253855,-0.01433024461897836,18.1626,0.2486,0.2655,16470.12,1.1224,0.0691,0.1252,33.5315,32.31287335866064,27.5717,0.028451444764365137,0.9540196201163096,30.366455000000002,4,8,8,True,Finnhub,2026-10-09T02:13+00:00
MGM,MGM Resorts,Consumer Discretionary,30.010000228881836,39.72180011749268,39.617050046920774,-0.24249785904454646,0.2276570398155584,0.16950000000000004,0.0104,0.057300000000000004,249.87,1.335,0.0319,-0.105,17.715,16.149516214092753,5.3647,0.20035663480996171,3.549317785658472,7.5452915,5,8,8,True,Finnhub,2026-10-09T02:13+00:00
MCHP,Microchip Technology,Information Technology,75.5199966430664,75.88513717651367,78.49273023605346,-0.037872725079724834,0.1533604985924628,0.0732,0.0332,0.1552,83.11,1.9207,0.20929999999999999,,86.5363,18.65984,38.4739,0.026833967509432143,2.3221122625864727,41.39898,6,8,8,False,Finnhub,2026-10-09T02:13+00:00
MU,Micron Technology,Information Technology,1035.8399658203125,973.0993994140625,697.8061643981933,0.4844236389250711,4.540283979716863,0.9177,0.6568,0.7459,3.74,3.3138,2.5633,8.7877,14.1615,6.52257,10.7504,0.049001592551757935,0.69393605292172,1203.2892,7,8,8,False,Finnhub,2026-10-09T02:13+00:00
MSFT,Microsoft,Information Technology,522.6099853515625,498.49214904785157,432.438526763916,0.2085185593023593,-0.053980701904794315,0.3322,0.1942,0.4673,24.16,1.2303,0.1779,0.3156,29.4115,24.19122,20.7637,0.017028754755279766,0.5008412204849108,3933.757,4,8,8,True,Finnhub,2026-10-09T02:13+00:00
MRNA,Moderna,Health Care,197.0,134.91690116882324,71.68077527999878,1.7482961677029918,3.960131669842558,-0.392,-0.2686,-1.4901,9.29,2.2948,-0.2762,,38.3736,,88.5325,0.011328748966251656,0.4347248813313546,78.64946,4,7,8,False,Finnhub,2026-10-09T02:13+00:00
MDLZ,Mondelez International,Consumer Staples,60.66999816894531,61.24444160461426,58.7099973487854,0.03338444743091884,0.02352520456665319,0.1347,0.0493,0.11220000000000001,80.52,0.5992,0.0693,-0.0040999999999999995,21.751,18.65689,21.0526,0.040339334481659724,0.8774208643105806,76.476375,4,8,8,True,Finnhub,2026-10-09T02:13+00:00
MPWR,Monolithic Power Systems,Information Technology,1369.800048828125,1313.7989794921875,1289.5524960327148,0.062228992648450054,0.2798023557981657,0.2193,0.18350000000000002,0.2872,0.0,4.9753,0.2867,-0.5721,87.1073,41.93555,69.0519,0.00834238482086397,0.7266826173064441,70.07694000000001,6,8,8,True,Finnhub,2026-10-09T02:13+00:00
MNST,Monster Beverage,Consumer Staples,43.650001525878906,45.11210014343262,42.50990009307861,0.02681966860199525,0.25722668212472644,0.24959999999999996,0.2035,0.2916,0.0,3.7293,0.20370000000000002,0.34590000000000004,39.4818,34.77429,29.1289,0.02497396464186086,0.9860170771970221,84.00413999999999,6,8,8,True,Finnhub,2026-10-09T02:13+00:00
MOS,Mosaic Company (The),Materials,19.729999542236328,23.271573028564454,24.051056480407716,-0.17966183488410892,-0.23906900257391772,-0.05310000000000001,-0.026000000000000002,-0.0139,51.080000000000005,1.3367,0.08839999999999999,,179.9197,21.06874,12.0864,0.059534440673929864,10.71141870572126,6.3324814,6,8,8,True,Finnhub,2026-10-09T02:13+00:00
MSI,Motorola Solutions,Information Technology,447.1199951171875,462.2547131347656,430.49328414916994,0.03862246306787043,0.012053835676474556,0.8576,0.1116,0.2488,338.02,1.0991,0.10289999999999999,0.0213,34.8002,24.39368,24.3831,0.036047207422840954,1.2544500277563497,74.26367,5,8,8,True,Finnhub,2026-10-09T02:13+00:00
NTAP,NetApp,Information Technology,231.0500030517578,197.00400085449218,140.68217098236084,0.6423545459838516,0.5862279268966777,1.1367,0.1373,0.2502,166.42,1.2417,0.1215,0.2519,32.6585,18.49195,23.2519,0.03562966525929489,1.163611422870682,46.30971,7,8,8,True,Finnhub,2026-10-09T02:13+00:00
NFLX,Netflix,Communication Services,71.56999969482422,75.38360015869141,83.56899986267089,-0.14358195248913663,-0.36166106672136156,0.4796,0.23739999999999997,0.3546,47.46,1.1416,0.1602,0.35259999999999997,21.6912,19.21432,17.1899,0.03766591837042171,0.8170189685564914,296.07694,6,8,8,True,Finnhub,2026-10-09T02:13+00:00
NEM,Newmont,Materials,115.55000305175781,119.54833465576172,111.42124011993408,0.03705543868816674,0.49416011783034164,0.2505,0.1514,0.5097,15.879999999999999,2.5461,0.2518,0.42229999999999995,14.1244,12.51298,7.5275,0.080154537949166,1.1321347558092,121.4275,8,8,8,False,Finnhub,2026-10-09T02:13+00:00
NWSA,News Corp (Class A),Communication Services,28.969999313354492,29.366410102844238,26.50751287460327,0.09289767962766948,0.08961961148083342,0.0662,0.037,0.1159,23.330000000000002,1.6233,0.0106,-0.5045000000000001,27.8983,21.7052,10.3721,0.050419998588240034,1.4066322466142969,15.98571,5,8,8,True,Finnhub,2026-10-09T02:13+00:00
NWS,News Corp (Class B),Communication Services,31.920000076293945,32.95603294372559,30.11068015098572,0.06008897561382365,0.07807918763551003,0.0662,0.037,0.1159,23.330000000000002,1.6233,0.0106,-0.5045000000000001,27.8983,21.7052,10.3721,0.050419998588240034,1.4066322466142969,15.98571,5,8,8,True,Finnhub,2026-10-09T02:13+00:00
NEE,NextEra Energy,Utilities,77.37000274658203,81.84141784667969,86.2818482208252,-0.10328760519170455,0.02181560215721534,0.16820000000000002,0.0427,0.2982,192.9,0.5338,0.1082,0.5529999999999999,17.1887,18.39745,17.3498,0.02269797170924806,0.39014862631875213,159.83808,3,7,8,True,Finnhub,2026-10-09T02:13+00:00
NKE,"Nike, Inc.",Consumer Discretionary,34.7400016784668,38.10202697753906,47.31020215988159,-0.26569745863555305,-0.44011759095228997,0.21240000000000003,0.0819,0.0819,51.85999999999999,2.0749,-0.0118,0.0693,16.4402,21.39741,11.4995,0.04295016063360076,0.7061092308485234,50.84955,4,8,8,True,Finnhub,2026-10-09T02:13+00:00
NI,NiSource,Utilities,40.529998779296875,41.243199844360355,44.43111804962158,-0.0878015103281411,-0.01844430169174527,0.0958,0.0251,0.2761,181.76000000000002,0.4982,0.1265,-0.0001,21.3155,18.1755,11.6899,0.0025450039409386028,0.054248031503076784,19.292703000000003,5,7,8,True,Finnhub,2026-10-09T02:13+00:00
NDSN,Nordson Corporation,Industrials,326.8699951171875,317.5236926269531,287.52517616271973,0.1368395612501121,0.3727386663625769,0.1759,0.0933,0.2607,53.52,1.8228,0.0702,0.24239999999999998,32.5451,24.96143,21.3154,0.0400708452544098,1.3041096658892921,18.068317999999998,6,8,8,True,Finnhub,2026-10-09T02:13+00:00
NSC,Norfolk Southern,Industrials,316.989990234375,328.9742303466797,310.1301644897461,0.0221191826209981,0.11200713102438575,0.168,0.058600000000000006,0.32189999999999996,102.23,0.8312,0.0297,-0.2082,26.7016,22.54368,15.7761,0.023712247138524576,0.6331549381940278,70.38552,4,8,8,True,Finnhub,2026-10-09T02:13+00:00
NOC,Northrop Grumman,Industrials,484.4800109863281,531.8650665283203,592.259985961914,-0.18198084883370258,-0.1570943395661586,0.2658,0.08929999999999999,0.1072,84.94,1.1682,0.059000000000000004,0.1595,14.9808,16.97796,13.1064,0.08119848970809143,1.216418334618976,67.3535,4,8,8,True,Finnhub,2026-10-09T02:13+00:00
NCLH,Norwegian Cruise Line Holdings,Consumer Discretionary,15.489999771118164,16.37199998855591,19.306300039291383,-0.1976712399789935,-0.37866106198779403,0.3235,0.0329,0.13570000000000002,584.36,0.2003,0.0621,0.1382,9.3043,9.997966843411444,8.711,0.02350198356741309,0.2186695057062816,7.0783804,5,8,8,False,Finnhub,2026-10-09T02:13+00:00
NRG,NRG Energy,Utilities,106.31999969482422,111.91662307739257,139.15355113983154,-0.23595194787385476,-0.28174371941594767,0.2538,0.0255,0.0594,479.01,0.9677,0.128,0.6208,26.724,9.9788,15.1548,0.04447152266046437,1.1884569715782498,22.688648,3,8,8,False,Finnhub,2026-10-09T02:13+00:00
NUE,Nucor,Materials,246.13999938964844,254.84050598144532,215.4167839050293,0.14262219929048836,0.9168615093601793,0.1116,0.0667,0.0999,33.21,2.9009,0.12269999999999999,0.7923,24.0473,12.45766,13.0911,0.013504790149065875,0.32475374015163183,56.05417,4,8,8,True,Finnhub,2026-10-09T02:13+00:00
NVDA,Nvidia,Information Technology,230.47999572753906,221.25115234375,201.59880126953124,0.14326074498525698,0.2103074808006351,1.1011,0.8141000000000002,0.6517000000000001,14.57,4.5889,0.8338,1.2515,29.6716,17.02191,28.5066,0.02219209029517699,0.6584748264023736,5723.027,3,8,8,True,Finnhub,2026-10-09T02:13+00:00
NVR,"NVR, Inc.",Consumer Discretionary,6002.5498046875,6251.272021484375,6660.099650878907,-0.09872973088392645,-0.21081465533214028,0.3102,0.1989,0.15689999999999998,26.779999999999998,2.9281,-0.1014,-0.1858,13.7962,16.74316534969693,10.0846,0.07817324755122303,1.078493757866183,15.745846,3,8,8,True,Finnhub,2026-10-09T02:13+00:00
NXPI,NXP Semiconductors,Information Technology,231.07000732421875,230.2792514038086,244.06910987854005,-0.05325992527604273,0.03035989632143643,0.2805,0.1115,0.3195,96.28999999999999,2.0404,0.0877,0.396,19.9375,13.79667,15.4499,0.04466060175694807,0.8904207475291521,59.314055,4,8,8,True,Finnhub,2026-10-09T02:13+00:00
ORLY,O'Reilly Automotive,Consumer Discretionary,86.01000213623047,87.9774008178711,90.80765003204345,-0.05283308062833947,-0.15483551182451294,4.2335,0.1579,0.1956,1754.59,0.7519,0.08470000000000001,-0.7661,25.8251,24.15568,18.0343,0.031503008537315316,0.8135683457770218,68.44617,5,8,8,True,Finnhub,2026-10-09T02:13+00:00
OXY,Occidental Petroleum,Energy,60.279998779296875,58.486582870483396,53.98551160812378,0.11659586032756786,0.37293226887489017,0.18970000000000004,0.0883,0.2614,32.92,1.4105,0.015300000000000001,1.9582,8.2504,11.75424,5.3478,0.0933192732295001,0.7699213318526676,59.84829,5,8,8,True,Finnhub,2026-10-09T02:13+00:00
ODFL,Old Dominion,Industrials,181.64999389648438,192.53972106933594,199.7597085571289,-0.09065749440390958,0.2952098463888526,0.2487,0.1947,0.2584,0.44,1.8894,-0.0064,0.0149,34.16,27.60437,20.3374,0.029959135738852206,1.0234040768391912,37.20963,5,8,8,True,Finnhub,2026-10-09T02:13+00:00
OMC,Omnicom Group,Communication Services,76.44999694824219,80.65447052001953,76.7835196685791,-0.004343675853575091,0.012004305247807823,0.0436,0.0085,0.053,103.52,0.9237,0.331,-0.8331000000000001,52.5455,6.75957,16.8354,0.1758118110374655,9.238119516869142,20.503248,3,8,8,False,Finnhub,2026-10-09T02:13+00:00
ON,ON Semiconductor,Information Technology,79.41000366210938,76.54640014648437,81.03849996566773,-0.020095341155725643,0.47353136921424355,0.08380000000000001,0.04939999999999999,0.1081,62.1,3.4644,-0.031400000000000004,0.44670000000000004,49.9705,17.60934,45.5446,0.047644684997165135,2.3808287316508405,31.491424,3,8,8,True,Finnhub,2026-10-09T02:13+00:00
OKE,Oneok,Energy,90.29000091552734,92.04881011962891,85.7516460800171,0.052924404871194985,0.3943609916575832,0.16269999999999998,0.0542,0.0873,143.97,0.7371,-0.14679999999999999,0.1286,15.5999,14.87739,11.8563,0.050952817690818296,0.7948588606949963,57.033120000000004,5,7,8,True,Finnhub,2026-10-09T02:13+00:00
ORCL,Oracle Corporation,Information Technology,135.69000244140625,145.4702001953125,161.38111141204834,-0.15919526607451562,-0.4248795799420003,0.42579999999999996,0.0745,0.3212,201.46,1.1708,0.2162,0.49079999999999996,22.9433,16.54095,21.7152,0.01953063966751039,0.4480973250835912,434.08753,4,8,8,True,Finnhub,2026-10-09T02:13+00:00
OTIS,Otis Worldwide,Industrials,66.11000061035156,69.75680374145507,76.92968544006348,-0.1406438199743013,-0.21688862878930004,0.1491993,0.1406,0.1535,2.29,0.8315,0.0524,0.0296,16.6279,15.5385,13.3405,0.0679149433249798,1.1292828861134316,25.207924,5,8,8,True,Finnhub,2026-10-09T02:13+00:00
PCAR,Paccar,Industrials,109.66000366210938,122.56119033813476,120.20622207641601,-0.08773438040172599,0.2917325198667373,0.1273,0.05689999999999999,0.1275,72.32,1.6996,-0.1056,-0.1858,22.3193,16.56126,15.4244,0.05301467976482688,1.1832505420751005,55.89206,4,8,8,True,Finnhub,2026-10-09T02:13+00:00
PKG,Packaging Corporation of America,Materials,229.94000244140625,240.08300079345702,224.46022857666014,0.02441311719004413,0.09968617949599534,0.1487,0.0636,0.10859999999999999,85.27,2.9415,0.1035,-0.2329,29.1108,19.26699,13.0677,0.03674525251337527,1.0696836968663648,20.135943,2,8,8,True,Finnhub,2026-10-09T02:13+00:00
PLTR,Palantir Technologies,Information Technology,198.77999877929688,175.243798828125,152.2558246231079,0.30556580854200033,-0.06938573594278707,0.3747,0.3103,0.428,0.0,7.2282,0.7892,2.9,158.011,86.71009,178.2601,0.0070452651238945094,1.1132293874916954,476.67062,8,8,8,False,Finnhub,2026-10-09T02:13+00:00
PANW,Palo Alto Networks,Information Technology,398.5,368.99039978027344,254.77734992980956,0.5641107818641871,0.5878507238634121,0.0168,0.0086,0.0605,6.45,0.871,0.24489999999999998,-0.6795,1080.6393,87.59973,213.5589,0.012397657338669286,13.39739574809944,331.75628,3,8,8,True,Finnhub,2026-10-09T02:13+00:00
PH,Parker Hannifin,Industrials,946.9600219726562,986.1747644042969,943.9101568603515,0.003231096826470381,0.2753445581291172,0.2511,0.1189,0.2165,55.31,1.2623,0.08310000000000001,0.050300000000000004,32.6724,26.80737,25.406,0.03276314539301031,1.0704505915385902,119.188836,7,8,8,True,Finnhub,2026-10-09T02:13+00:00
PAYX,Paychex,Industrials,104.45999908447266,115.78540023803711,102.06395503997803,0.023475908253370203,-0.056809135897261887,0.4711,0.1097,0.39189999999999997,123.00999999999999,1.2766,0.13970000000000002,0.1294,20.0165,18.79657,13.2327,0.054838391260953974,1.0976726586748853,36.149816,6,8,8,True,Finnhub,2026-10-09T02:13+00:00
PNR,Pentair,Industrials,52.29999923706055,60.0323999786377,79.58578914642334,-0.34284751338159014,-0.4738465293080837,0.17130000000000004,0.0951,0.2027,42.83,1.4509,-0.0215,0.0851,12.5916,11.04053,11.1324,0.0925240562546262,1.1650259067357513,8.202198000000001,6,8,8,True,Finnhub,2026-10-09T02:13+00:00
PEP,PepsiCo,Consumer Staples,128.33999633789062,135.02840118408204,144.17107208251954,-0.10980757454288503,0.01021831958369357,0.502,0.09569999999999998,0.14529999999999998,240.81,0.9336,0.0562,0.3892,16.5051,14.80475,12.1893,0.05616399887672002,0.9269924178601516,172.49498,3,8,8,True,Finnhub,2026-10-09T02:13+00:00
PFE,Pfizer,Health Care,27.81999969482422,27.550799903869628,25.879273109436035,0.07499154157774868,0.13164346293417895,0.0489,0.021,0.0679,74.18,1.2669,-0.0022,-0.5991,36.2856,9.57747,23.996,0.06987436589012955,2.5354332909428847,157.22548,5,8,8,True,Finnhub,2026-10-09T02:13+00:00
PCG,PG&E Corporation,Utilities,12.670000076293945,15.005324382781982,16.353359928131102,-0.2252356621528906,-0.11625847632449893,0.0962,0.0223,0.1999,189.43,1.2161,0.056600000000000004,0.2489,8.7893,7.32015,9.2385,0.026557039208812687,0.23341778471801736,27.826905999999997,3,7,8,True,Finnhub,2026-10-09T02:13+00:00
PM,Philip Morris International,Consumer Staples,200.5,188.25002899169922,175.78274208068848,0.14061254038218207,0.2335445495851849,5.7544,0.1591,0.3775,18608.04,0.9798,0.08929999999999999,0.3196,28.9477,21.15834,20.0522,0.042804737628360706,1.2390987034444974,314.77759999999995,6,8,8,True,Finnhub,2026-10-09T02:13+00:00
PSX,Phillips 66,Energy,281.6000061035156,245.6565853881836,185.3303921508789,0.5194486065418935,1.0284225201062203,0.2445,0.08990000000000001,0.0394,65.27,1.3197,0.1444,3.187,15.2801,9.9415,15.0401,0.08525367230193441,1.302684638140788,108.382055,5,8,8,True,Finnhub,2026-10-09T02:13+00:00
PNW,Pinnacle West Capital,Utilities,97.9800033569336,97.29334060668945,98.05977783203124,-0.0008135290213924229,0.09744040105377771,0.0904,0.0208,0.2052,161.62,0.5941,0.056900000000000006,0.07429999999999999,18.5165,17.46559,11.1907,0.003539764117198758,0.0655440422761108,11.852483,3,7,8,True,Finnhub,2026-10-09T02:13+00:00
PPG,PPG Industries,Materials,105.45999908447266,110.15802093505859,111.00769424438477,-0.049975771478495856,0.08126245037459756,0.1947,0.0707,0.12789999999999999,81.56,1.5798,0.0147,0.5896,14.6949,12.75055,10.7868,0.06796433231839931,0.998729066985646,23.100305,4,8,8,True,Finnhub,2026-10-09T02:13+00:00
PPL,PPL Corporation,Utilities,34.099998474121094,34.08442844390869,35.58506121635437,-0.041732757833524925,-0.05643115588066849,0.08529999999999999,0.0279,0.38770000000000004,135.08,0.9051,-0.5881000000000001,0.2642,20.0649,15.89615,12.4706,0.007794615012272622,0.15639817075974893,25.402150000000002,5,7,8,True,Finnhub,2026-10-09T02:13+00:00
PG,Procter & Gamble,Consumer Staples,150.58999633789062,145.76900054931642,146.3213328552246,0.029173213497785566,-0.0374026789251225,0.2983,0.1259,0.2289,62.86000000000001,0.6773,0.0326,0.0172,21.572,20.96604,16.0399,0.04376463379942668,0.9440906803212324,346.10144,4,8,8,True,Finnhub,2026-10-09T02:13+00:00
PEG,Public Service Enterprise Group,Utilities,71.83999633789062,72.12104461669922,77.4866590499878,-0.07287270842912996,-0.0674584006464014,0.1173,0.0348,0.2314,141.62,0.8769,0.1265,0.0155,17.7767,15.05282,14.3783,0.02516311992491325,0.4473172339692055,35.76662,5,7,8,True,Finnhub,2026-10-09T02:13+00:00
PTC,PTC Inc.,Information Technology,193.72999572753906,147.64719970703126,145.45645057678223,0.33187627609044834,-0.3627509003749516,0.3264,0.1876,0.37810000000000005,41.02,1.0252,0.195,1.4249,17.2058,15.73161,18.9998,0.044426871148745606,0.7643998596110871,21.056729,8,8,8,True,Finnhub,2026-10-09T02:13+00:00
PHM,PulteGroup,Consumer Discretionary,113.52999877929688,123.40302490234374,124.03282260894775,-0.08467777809720833,-0.07652464727688968,0.1473,0.1054,0.1521,17.66,5.0593,-0.0728,-0.2681,11.0061,11.16133,8.7322,0.08475007203756123,0.9327677678526026,20.982502,4,8,8,True,Finnhub,2026-10-09T02:13+00:00
PWR,Quanta Services,Industrials,685.3300170898438,650.8165112304688,610.8977365112305,0.12184081906030264,0.4883691745157108,0.1474,0.0522,0.061900000000000004,63.339999999999996,1.0983,0.263,0.35369999999999996,78.6305,34.1722,41.9401,0.021927756812405847,1.724190482037878,104.3329,7,8,8,True,Finnhub,2026-10-09T02:13+00:00
QCOM,Qualcomm,Information Technology,176.00999450683594,172.1963723754883,167.98197757720948,0.04779094189396926,0.08832043901285003,0.3733000000000001,0.17010000000000003,0.23,55.21,2.0156,0.018799999999999997,-0.16649999999999998,20.0305,19.66442,16.7549,0.05616242172362473,1.124961388335065,185.46236,5,8,8,True,Finnhub,2026-10-09T02:13+00:00
DGX,Quest Diagnostics,Health Care,230.80999755859375,236.7115316772461,205.49457969665528,0.12319263067331665,0.31141460838126966,0.1449,0.0643,0.141,75.07000000000001,1.5906,0.0987,0.1301,23.6108,19.88823,16.8954,0.05379930706492501,1.2702446792485313,25.07462,7,8,8,True,Finnhub,2026-10-09T02:13+00:00
Q,Qnity Electronics,Information Technology,,,,,,0.0764,0.0426,0.20809999999999998,55.36,2.0083,0.17620000000000002,-0.2208,45.2262,24.22636,,0.039581073913697425,1.7901015650356624,26.50254,5,7,8,True,Finnhub,2026-10-09T02:13+00:00
RL,Ralph Lauren Corporation,Consumer Discretionary,367.3900146484375,361.310419921875,363.3428854370117,0.011138594902052601,0.04137578816508114,0.3563,0.1287,0.1494,53.910000000000004,2.0445,0.14679999999999999,0.2661,22.1813,17.48136,14.8224,0.047821263246489915,1.0607377864493668,21.802041000000003,6,8,8,True,Finnhub,2026-10-09T02:13+00:00
RDDT,Reddit,Communication Services,156.47000122070312,154.40580017089843,167.01420013427733,-0.06313354735763066,-0.2888500206703538,0.2902,0.2632,0.2825,0.0,10.4861,0.6659,2.795,34.5591,29.09411267697818,35.7041,0.03383739776876199,1.1693900132304225,30.104285,7,8,8,False,Finnhub,2026-10-09T02:13+00:00
RTX,RTX Corporation,Industrials,184.32000732421875,203.7104833984375,193.92674957275392,-0.04953799447317131,0.18439303666781304,0.118,0.0452,0.1121,56.32,1.0105,0.1184,0.24780000000000002,32.0785,24.88708,18.6296,0.04425444535903632,1.4196162254498463,248.22335999999999,8,8,8,True,Finnhub,2026-10-09T02:13+00:00
REGN,Regeneron Pharmaceuticals,Health Care,739.5700073242188,789.2890942382812,734.2689077758789,0.0072195615151362524,0.3918652402731697,0.1381,0.106,0.24739999999999998,8.540000000000001,3.3353,0.0929,0.018799999999999997,17.6508,13.38453,17.5345,0.04679282010968237,0.8259307091919816,76.40495,3,8,8,True,Finnhub,2026-10-09T02:13+00:00
RSG,Republic Services,Industrials,216.83999633789062,215.98827911376952,213.8784741973877,0.01384675176693917,0.007475196659967764,0.1827,0.0634,0.1993,116.93,0.644,0.0321,0.0418,30.402,27.25277,15.3622,0.03993785669498261,1.2141907192408612,66.42831,5,8,8,True,Finnhub,2026-10-09T02:13+00:00
RMD,ResMed|,Health Care,226.72999572753906,224.56775970458983,224.30293464660645,0.010820460662971154,-0.21534515869853488,0.2388,0.1763,0.3337,10.01,3.0999,0.09849999999999999,0.09759999999999999,20.6681,18.0114,15.8751,0.05173038125290984,1.0691686927732658,31.483502,6,8,8,True,Finnhub,2026-10-09T02:13+00:00
RVTY,Revvity,Health Care,152.16000366210938,131.2763998413086,107.33197593688965,0.4176577141520086,0.3619084996777129,0.0327,0.0197,0.1232,44.34,1.8002,0.0405,-0.1084,69.7832,24.98219,24.3289,0.03366731307907778,2.3494128420599005,16.577275,5,8,8,True,Finnhub,2026-10-09T02:13+00:00
ROK,Rockwell Automation,Industrials,434.1400146484375,435.92916198730467,422.86990142822265,0.026651490640858144,0.25437089096807863,0.3332,0.1072,0.1466,93.25,1.0752,0.1131,0.2494,40.4056,28.86352,34.2041,0.030992952202669115,1.252288829520167,48.527164,6,8,8,True,Finnhub,2026-10-09T02:13+00:00
ROL,"Rollins, Inc.",Industrials,32.2599983215332,34.60975296020508,48.72141149520874,-0.33786815013137195,-0.395623368485188,0.37200000000000005,0.16520000000000004,0.1865,49.18,0.6294,0.099,0.09050000000000001,29.1239,26.02855,18.6573,0.039983366919361545,1.1644715798227936,15.485665999999998,5,8,8,True,Finnhub,2026-10-09T02:13+00:00
ROP,Roper Technologies,Information Technology,364.2300109863281,388.1166076660156,365.5721293640137,-0.0036712819984948686,-0.23001704852341687,0.1294,0.0721,0.2797,60.529999999999994,0.5528,0.10880000000000001,0.695,14.1077,15.35828,19.6461,0.07248845621334803,1.02264539372105,35.329862999999996,5,8,8,True,Finnhub,2026-10-09T02:13+00:00
ROST,Ross Stores,Consumer Discretionary,225.1999969482422,235.8373239135742,218.00948806762696,0.03298255018325036,0.5108736621492826,0.42340000000000005,0.1702,0.1375,15.1,1.6122,0.1402,0.31420000000000003,27.0514,26.65901,17.5601,0.03878960903953049,1.0493132299719552,71.93126,5,8,8,True,Finnhub,2026-10-09T02:13+00:00
RCL,Royal Caribbean Group,Consumer Discretionary,281.4100036621094,278.5814279174805,284.01199562072753,-0.009161556549508898,-0.16316625010582153,0.4379,0.1045,0.2713,223.09,0.2088,0.0872,0.2236,17.0666,11.9853,14.0977,0.03144189380814785,0.5366062248661362,75.05909,6,8,8,False,Finnhub,2026-10-09T02:13+00:00
CRM,Salesforce,Information Technology,227.8000030517578,223.798798828125,199.07710472106933,0.14428026955150197,0.025271227360491366,0.2015,0.0912,0.18780000000000002,102.37,0.8385,0.11230000000000001,0.5927,19.2709,14.33785,23.1282,0.08138749399767232,1.5684102580797437,186.19552,6,8,8,True,Finnhub,2026-10-09T02:13+00:00
SNDK,Sandisk,Information Technology,1609.4599609375,1576.462294921875,1174.819222793579,0.3699639312254337,13.585945336569534,0.9312999999999999,0.7,0.6119,0.0,2.2899,1.7530000000000001,,20.6119,8.43042,18.4155,0.04877453969028167,1.0053359346421167,235.65554999999998,6,7,8,False,Finnhub,2026-10-09T02:13+00:00
SLB,Schlumberger,Energy,48.97999954223633,52.671429748535154,50.298067779541014,-0.02620514654920436,0.6984813364057916,0.1193,0.0564,0.1144,49.08,1.4392,0.025,-0.29350000000000004,23.3175,17.35949,11.8901,0.06646638130433627,1.5498298460638609,72.30746,4,8,8,True,Finnhub,2026-10-09T02:13+00:00
STX,Seagate Technology,Information Technology,774.8300170898438,856.0786657714843,660.3694596862792,0.17332806011038304,2.957282495142343,2.1244,0.35359999999999997,0.3233,164.51,1.6697,0.3406,1.0453000000000001,55.336,22.4542,42.2021,0.017623039657126142,0.9751885224667322,176.1898,7,8,8,False,Finnhub,2026-10-09T02:13+00:00
SRE,Sempra,Utilities,80.08000183105469,82.56530242919922,88.58574054718018,-0.09601701880671631,-0.0762333184438827,0.0714,0.0204,0.29510000000000003,112.11,1.6417,0.014199999999999999,-0.1711,22.9238,14.96869,14.912,0.003079032925022777,0.07058313496663714,52.289145,4,7,8,True,Finnhub,2026-10-09T02:13+00:00
NOW,ServiceNow,Information Technology,139.75,131.60839965820313,115.41480003356934,0.21084990797846181,-0.27502656712274787,0.1377,0.0643,0.114,60.06,0.7006,0.22190000000000001,0.0087,85.3638,34.31489905035512,53.6429,0.03206423106767477,2.737124608014775,142.55757999999997,4,8,8,True,Finnhub,2026-10-09T02:13+00:00
SHW,Sherwin-Williams,Materials,321.0299987792969,337.3947424316406,331.84617095947266,-0.03259393395711874,-0.03952061650691785,0.6212,0.102,0.1429,313.18,0.727,0.0576,0.0765,28.5012,24.91512,22.8595,0.04193856838502961,1.195299525255406,76.61691,5,8,8,True,Finnhub,2026-10-09T02:13+00:00
SKYD,Skydance Corporation,Communication Services,9.279999732971191,9.975540103912353,10.38926023721695,-0.10676992191148582,-0.4402114875540547,,,,,,,,,,,,,,1,1,8,,Finnhub,2026-10-09T02:13+00:00
SWKS,Skyworks Solutions,Information Technology,80.75,75.85680015563965,65.71654905319214,0.2287620266645396,0.06297232982299183,0.0504,0.0373,0.0761,8.66,3.1007,0.0006,-0.2303,64.6239,17.86756,60.2688,0.057197439842592644,3.6963216326437234,18.747396000000002,5,8,8,True,Finnhub,2026-10-09T02:13+00:00
SJM,J.M. Smucker Company (The),Consumer Staples,119.41000366210938,121.86313125610351,107.46151706695557,0.11118851586386147,0.187230044989533,0.0406,0.0138,0.0901,117.33,0.87,0.0508,,54.8103,11.12561,18.4846,0.1262737868245931,6.921104137991994,12.578964,5,8,8,False,Finnhub,2026-10-09T02:13+00:00
SW,Smurfit Westrock,Materials,41.45000076293945,45.98938636779785,42.726632308959964,-0.029879058494221566,0.055177227697179365,0.0273,0.011,0.0471,78.53,1.447,-0.29410000000000003,-0.21420000000000003,43.6092,15.21548,8.3379,0.06620894217973079,2.8873190013043164,21.673756,6,8,8,True,Finnhub,2026-10-09T02:13+00:00
SNA,Snap-on,Industrials,358.8800048828125,385.6593206787109,376.04290954589845,-0.0456408144586784,0.1508297787383872,0.1725,0.1211,0.2507,19.950000000000003,3.4325,0.049699999999999994,0.0412,17.9185,17.74164,12.7281,0.10085626973000776,1.8071930691571443,18.438135,3,8,8,True,Finnhub,2026-10-09T02:13+00:00
SOLV,Solventum,Health Care,86.41000366210938,88.40859970092774,78.06839994430543,0.10684993830736778,0.2476440439341454,0.2898,0.1014,0.2386,110.13,1.0213,-0.009300000000000001,2.7711,10.2502,12.066248325373415,7.8714,0.011965429481143082,0.1226480452676128,14.709033,6,8,8,True,Finnhub,2026-10-09T02:13+00:00
SO,Southern Company,Utilities,86.1500015258789,88.23174896240235,91.02062366485596,-0.05351119277001459,-0.05354733587499361,0.1261,0.0297,0.2526,191.01,0.7867,0.06849999999999999,0.0693,21.0336,17.62028,13.0671,0.005706795138038814,0.1200344462154532,97.95341400000001,3,7,8,True,Finnhub,2026-10-09T02:13+00:00
LUV,Southwest Airlines,Industrials,41.36000061035156,41.84572494506836,43.18544057846069,-0.04226980073973341,0.2155082119416074,0.1127,0.0287,0.0346,83.96000000000001,0.4885,0.0946,1.4154,24.0747,9.89907,12.0963,0.05235602094240837,1.2604554973821989,20.150486,6,8,8,True,Finnhub,2026-10-09T02:13+00:00
SWK,Stanley Black & Decker,Industrials,89.16999816894531,94.58133697509766,82.81217144012452,0.07677406132765974,0.30637042351898813,0.069,0.029300000000000003,0.075,53.11,1.4323,0.0077,0.0687,21.2287,14.90829,11.4692,0.1318200392823717,2.7983680679136844,13.172426999999999,7,8,8,False,Finnhub,2026-10-09T02:13+00:00
SBUX,Starbucks,Consumer Discretionary,93.20999908447266,101.43097213745118,98.06674617767334,-0.049524913209636034,0.2620609031611767,1.1568,0.0644,0.0917,807.1899999999999,0.7597,0.0449,-0.24989999999999998,51.9834,30.34504,22.2657,0.03660804498396567,1.9030106456194813,103.06739999999999,5,8,8,True,Finnhub,2026-10-09T02:13+00:00
STLD,Steel Dynamics,Materials,234.1699981689453,241.13818634033203,217.1497731781006,0.07838011866991534,0.7003570643250652,0.176,0.0971,0.1001,44.4,3.1832,0.1977,0.6082,20.9431,12.18955,17.8682,0.028388202998362,0.5945369742149952,33.660599999999995,3,8,8,True,Finnhub,2026-10-09T02:13+00:00
STE,Steris,Health Care,210.75999450683594,222.4612902832031,226.19658279418945,-0.06824412684164582,-0.10192674836827631,0.1128,0.0758,0.1885,26.279999999999998,1.9059,0.0837,0.2525,25.499,17.87796,13.4672,0.04509257505659118,1.1498155713680185,20.526697,8,8,8,True,Finnhub,2026-10-09T02:13+00:00
SYK,Stryker Corporation,Health Care,276.9700012207031,305.3686254882812,326.78235946655275,-0.15243282509852885,-0.2482881213984366,0.1636,0.0789,0.2132,62.29,2.1571,0.0848,0.2771,28.0387,16.94761,18.601,0.04497110606435365,1.2609313516065928,104.55625,4,8,8,True,Finnhub,2026-10-09T02:13+00:00
SMCI,Supermicro,Information Technology,42.77000045776367,37.72219959259033,32.264999856948855,0.32558501928994654,-0.2930815231358239,0.2508,0.0931,0.0709,60.23,3.8723,0.7779,0.941,12.4651,9.16465,10.2691,0.025851082255558627,0.32223632542376385,27.802775,4,8,8,True,Finnhub,2026-10-09T02:13+00:00
SNPS,Synopsys,Information Technology,497.75,417.0892016601563,445.6784016418457,0.11683671043139277,-0.17707131768459305,0.0357,0.0227,0.1887,32.22,1.3369,0.4633,-0.5562,89.4795,23.51047,42.8338,0.028523915877267294,2.552305730739939,96.32999000000001,2,8,8,True,Finnhub,2026-10-09T02:13+00:00
SYY,Sysco,Consumer Staples,78.19999694824219,80.70719131469727,78.7726968383789,-0.0072702841609161295,0.042406360055545544,0.7542,0.0635,0.0366,506.97999999999996,1.2769,0.0391,-0.0212,21.898,15.38481,12.33,0.052323695308657485,1.1457842798689815,38.452914,6,8,8,True,Finnhub,2026-10-09T02:13+00:00
TMUS,T-Mobile US,Communication Services,171.30999755859375,174.90965057373046,188.8710188293457,-0.09297890899089822,-0.20464551488837057,0.1822,0.0489,0.198,160.63,0.9242,0.0968,-0.0981,17.4213,12.40529,8.3737,0.0882542428227237,1.5375036404875164,183.96855,5,8,8,True,Finnhub,2026-10-09T02:13+00:00
TTWO,Take-Two Interactive,Communication Services,209.3699951171875,223.20119903564452,223.7703500366211,-0.06435327520860967,-0.18948176817793305,-0.0912,-0.0333,-0.024,69.83,1.0623,0.153,,122.7981,24.55703,918.2402,0.013928100360319955,1.710344260856606,38.14588,6,8,8,False,Finnhub,2026-10-09T02:13+00:00
TPR,"Tapestry, Inc.",Consumer Discretionary,115.81999969482422,127.7042300415039,137.67015819549562,-0.15871383302722397,-0.0007436664485682698,2.6281,0.2346,0.23920000000000002,343.73999999999995,1.7522,0.1417,10.3094,15.0601,13.74735,11.7635,0.07877923694431097,1.1864231863050174,23.007254,7,8,8,True,Finnhub,2026-10-09T02:13+00:00
TRGP,Targa Resources,Energy,288.489990234375,282.6455993652344,248.91061965942382,0.1590103733987176,0.788305647479626,0.7217,0.0864,0.2291,535.4300000000001,0.7707,-0.0197,0.40380000000000005,26.8521,23.64905,14.6363,0.01450488306888514,0.38948657065401066,60.88983,4,8,8,True,Finnhub,2026-10-09T02:13+00:00
TGT,Target Corporation,Consumer Staples,154.75999450683594,156.39258544921876,128.47000602722167,0.20463911610655372,0.8359872118695704,0.2666,0.0736,0.0559,86.07000000000001,0.9881,0.0195,0.1231,15.9635,16.07927,9.2137,0.06810550905462744,1.087202293793545,70.11162,4,8,8,True,Finnhub,2026-10-09T02:13+00:00
TEL,TE Connectivity,Information Technology,214.30999755859375,209.73904083251952,212.9010259246826,0.006617965450338437,-0.06828670405307091,0.2318,0.11779999999999999,0.1974,42.52,1.8762,0.1653,1.1107,20.5789,16.46801,13.7996,0.053411099894780135,1.099141683624691,62.065844,4,8,8,True,Finnhub,2026-10-09T02:13+00:00
TDY,Teledyne Technologies,Information Technology,604.8200073242188,631.0726025390625,625.6282490539551,-0.033259754113088014,0.011315515676391774,0.0913,0.0635,0.1968,18.56,2.1811,0.0787,0.139,28.6508,24.44661453070358,20.0336,0.04089327264771672,1.1716249759752022,27.92883,6,8,8,True,Finnhub,2026-10-09T02:13+00:00
TER,Teradyne,Information Technology,398.7200012207031,382.06709655761716,339.4833396911621,0.1744906291526127,1.7432084734137794,0.3804,0.2628,0.3023,0.0,2.1248,0.5787,1.5284,53.4448,36.71063,44.8293,0.013012700395586092,0.6954611701020196,61.47318,4,8,8,True,Finnhub,2026-10-09T02:13+00:00
TSLA,"Tesla, Inc.",Consumer Discretionary,375.0,353.26799743652344,391.13469924926756,-0.041251004526665636,-0.15073079344083107,0.04569999999999999,0.027000000000000003,0.042199999999999994,10.76,1.9409,0.1175,-0.3766,389.1436,174.42851,133.367,0.00472627986477168,1.839201561184765,1481.0803999999998,5,8,8,True,Finnhub,2026-10-09T02:13+00:00
TXN,Texas Instruments,Information Technology,288.20001220703125,271.75020080566406,249.55482643127442,0.15485649517742117,0.5157550065666123,0.3577,0.17309999999999998,0.3729,78.03999999999999,4.8573,0.1666,0.2026,43.0563,27.79533,28.9003,0.020550549213427728,0.8848306120981083,260.57697,5,8,8,True,Finnhub,2026-10-09T02:13+00:00
TPL,Texas Pacific Land Corporation,Energy,357.7799987792969,361.11717407226564,397.19101165771485,-0.09922433217693505,0.17660297927150292,0.3577,0.3204,0.7492,0.0,4.5519,0.2082,0.1729,44.9622,35.4418,32.5578,0.012326580421692317,0.5542301742362142,24.343234,3,8,8,True,Finnhub,2026-10-09T02:13+00:00
TXT,Textron,Industrials,73.22000122070312,81.74839767456055,89.30057125091552,-0.1800724206458818,-0.05982695970305163,0.1193,0.0522,0.06709999999999999,47.24,1.7484,0.08800000000000001,0.1989,13.2478,11.06091,11.9791,0.08128495252958771,1.076846794121472,12.413156,6,8,8,True,Finnhub,2026-10-09T02:13+00:00
TMO,Thermo Fisher Scientific,Health Care,651.97998046875,624.4873156738281,543.6978506469727,0.1991586497774951,0.12645903412619597,0.1333,0.0634,0.17579999999999998,80.76,1.5505,0.0723,0.07519999999999999,34.048,24.56666,29.1553,0.030850200680555422,1.0503876327715511,237.1781,3,8,8,True,Finnhub,2026-10-09T02:13+00:00
TJX,TJX Companies,Consumer Discretionary,138.75,139.21987380981446,151.48440113067628,-0.08406410848659651,-0.10515432119148482,0.5977,0.1683,0.12689999999999999,26.96,1.1474,0.0766,0.23309999999999997,24.9547,23.5218,16.0567,0.03881098661409072,0.9685165276586496,151.40042000000003,5,8,8,True,Finnhub,2026-10-09T02:13+00:00
TKO,TKO Group Holdings,Communication Services,181.6300048828125,187.2000961303711,194.51844314575195,-0.06625818125267524,-0.02343526529462947,0.0657,0.014500000000000002,0.2205,144.09,1.2777,0.0931,0.9643999999999999,148.2211,32.74607,29.4871,0.04864783346873647,7.210635389352935,34.37706,5,8,8,True,Finnhub,2026-10-09T02:13+00:00
TSCO,Tractor Supply,Consumer Discretionary,33.47999954223633,33.526808433532715,39.03203273773193,-0.14224299392248918,-0.35173030676904593,0.393,0.08870000000000001,0.0851,83.87,1.3338,0.0398,-0.0579,16.7447,16.25888,10.2254,0.024696968200183744,0.4135433234216168,16.944225,4,8,8,True,Finnhub,2026-10-09T02:13+00:00
TT,Trane Technologies,Industrials,469.94000244140625,453.91913452148435,447.61367721557616,0.04987855903937777,0.05718784384151254,0.3457,0.1318,0.1794,53.54,1.0734,0.0704,0.0473,35.0963,25.90112,24.4114,0.034266055360239044,1.2026117587395575,103.49889999999999,7,8,8,True,Finnhub,2026-10-09T02:13+00:00
TDG,TransDigm Group,Industrials,1089.300048828125,1164.8938037109374,1243.9961486816405,-0.1243541630072239,-0.12356152429074518,0.3711,0.0861,0.46009999999999995,541.2099999999999,3.019,0.16649999999999998,0.1035,28.2968,26.492926123625484,18.7848,0.031986591220960175,0.9051181744612659,60.243945,6,8,8,True,Finnhub,2026-10-09T02:13+00:00
TRMB,Trimble Inc.,Information Technology,59.849998474121094,58.53119995117188,62.26774995803833,-0.038828309767841906,-0.27616646510826914,-0.0106,-0.0066,0.0374,28.549999999999997,0.9537,0.07719999999999999,,29.0937,14.80207,60.1071,0.07296234413419234,2.1227445515369516,13.944154000000001,3,8,8,True,Finnhub,2026-10-09T02:13+00:00
TWLO,Twilio,Information Technology,275.7699890136719,244.41499969482422,178.9735499572754,0.540842147230715,1.112412794001246,0.1415,0.1152,0.052000000000000005,11.06,4.6213,0.1782,58.0025,36.8637,46.49543425187822,130.7439,0.02334555862419954,0.8606036694549046,42.346832,5,8,8,False,Finnhub,2026-10-09T02:13+00:00
TYL,Tyler Technologies,Information Technology,331.1499938964844,336.98800170898437,343.0170001220703,-0.034595971107446055,-0.29450520880945386,0.0934,0.05979999999999999,0.1514,46.379999999999995,1.5537,0.0819,0.07769999999999999,41.1534,25.32519918882886,32.5689,0.05283178360101437,2.1742075232459848,13.359041,7,8,8,True,Finnhub,2026-10-09T02:13+00:00
TSN,Tyson Foods,Consumer Staples,52.34000015258789,54.38225875854492,58.996283531188965,-0.11282546933794846,-0.012002028540592957,0.0318,0.016,0.0203,44.28,1.4334,0.0332,-0.2647,31.2648,12.76622,10.0008,0.07907076042350299,2.4721315104887363,17.946009999999998,5,8,8,False,Finnhub,2026-10-09T02:13+00:00
UBER,Uber,Industrials,70.23999786376953,73.05719985961915,74.52430004119873,-0.05748866041090939,-0.2732106379031741,0.35730000000000006,0.1528,0.1213,46.58,0.8425,0.1668,-0.228,14.9722,20.883399926919992,20.3185,0.07053479481428189,1.0560610549183913,143.41835999999998,4,8,8,False,Finnhub,2026-10-09T02:13+00:00
ULTA,Ulta Beauty,Consumer Discretionary,564.2100219726562,539.239994506836,554.8326480102539,0.016901265626728224,-0.02677952055004762,0.45399999999999996,0.17370000000000002,0.1246,12.839999999999998,1.3451,0.1116,0.0521,20.0221,17.8917,12.617,0.05081404093579137,1.0174038090205084,24.227238,4,8,8,True,Finnhub,2026-10-09T02:13+00:00
UNP,Union Pacific Corporation,Industrials,278.20001220703125,288.2160028076172,263.57343505859376,0.05549336618535139,0.25395112077468873,0.3865,0.105,0.4003,146.70000000000002,0.9859,0.0417,0.0727,22.2904,19.79221,15.1452,0.0398070155884273,0.88731430027228,163.38858,6,8,8,True,Finnhub,2026-10-09T02:13+00:00
UAL,United Airlines Holdings,Industrials,107.44000244140625,115.00499954223633,109.07219989776611,-0.014964376421212067,0.1083290331650919,0.225,0.04390000000000001,0.0775,158.5,0.7803,0.0848,0.0702,9.8893,8.58478,6.4647,0.09816914543758896,0.9708241299759486,34.57304,6,8,8,True,Finnhub,2026-10-09T02:13+00:00
UPS,United Parcel Service,Industrials,94.12999725341797,100.24307083129882,102.36002708435059,-0.08040277113399552,0.22978976068820756,0.2907,0.0636,0.0731,162.5,1.179,-0.0042,-0.20079999999999998,17.3293,12.24007,9.4862,0.0689056406157408,1.194086517922357,79.195,4,8,8,True,Finnhub,2026-10-09T02:13+00:00
URI,United Rentals,Industrials,1050.1500244140625,1061.0581945800782,950.4464599609375,0.10490182104231582,0.04914190406601926,0.2918,0.0871,0.25079999999999997,154.26999999999998,0.764,0.0688,0.0767,24.7177,18.94848,16.993,0.01929291467708484,0.47687647711377995,65.205227,3,8,8,True,Finnhub,2026-10-09T02:13+00:00
UNH,UnitedHealth Group,Health Care,370.95001220703125,388.50685302734377,353.5863415527344,0.04910730029346233,0.10283409536571564,0.144,0.0453,0.047400000000000005,70.16,0.7385,0.0646,-0.32659999999999995,23.7375,17.08787,14.7188,0.0703180485335171,1.669174677064362,335.22028,6,7,8,True,Finnhub,2026-10-09T02:13+00:00
UHS,Universal Health Services,Health Care,175.72000122070312,173.59263214111328,179.44550575256346,-0.020761202774269627,-0.15810418914844115,0.2075,0.0977,0.11359999999999999,64.57000000000001,1.1157,0.1005,0.29350000000000004,6.7767,7.6073,5.5765,0.0817487696810163,0.5539868874973432,10.341467,5,7,8,True,Finnhub,2026-10-09T02:13+00:00
VLO,Valero Energy,Energy,443.79998779296875,365.0367999267578,264.2089771270752,0.6797309183764664,1.4342496337437267,0.2994,0.1185,0.0718,45.39,1.6364,0.12619999999999998,8.9599,17.3463,10.02492,12.7797,0.0808943681340905,1.403217977964374,125.1016,5,8,8,True,Finnhub,2026-10-09T02:13+00:00
VEEV,Veeva Systems,Health Care,284.8399963378906,257.62379974365234,202.5235503387451,0.4064536981573812,-0.14832477711016212,0.14,0.1151,0.2993,0.0,5.4578,0.165,0.25579999999999997,45.3622,30.842989002250306,41.4257,0.035600364547732966,1.6149108566871724,46.032305,7,8,8,True,Finnhub,2026-10-09T02:13+00:00
VLTO,Veralto,Industrials,96.4800033569336,96.47827392578125,92.64987087249756,0.04133985777170657,-0.09266284688238535,0.32789999999999997,0.1261,0.2281,109.11,1.7754,0.0623,0.1108,23.8069,20.5462,18.4384,0.04451309352646081,1.0597187662750998,23.521184,5,8,8,True,Finnhub,2026-10-09T02:13+00:00
VRSN,Verisign,Information Technology,297.7900085449219,290.05690185546877,265.7642781829834,0.12050427010317843,0.0748284637810317,1.1355,0.5832,0.6786,107.16000000000001,0.591,0.06860000000000001,0.09820000000000001,31.4786,28.61328,23.8198,0.039844129764361816,1.2542374232004398,26.756794999999997,7,8,8,True,Finnhub,2026-10-09T02:13+00:00
VRSK,Verisk Analytics,Industrials,175.49000549316406,180.58951202392578,188.10685859680177,-0.06707279680153155,-0.27140946532663,3.2428,0.16449999999999998,0.4338,1533.07,1.0055,0.0501,0.0038,25.2757,20.43038,15.5966,0.055246176964554056,1.396385795102979,22.381629,6,8,8,True,Finnhub,2026-10-09T02:13+00:00
VZ,Verizon,Communication Services,46.349998474121094,48.21460021972656,45.7080154800415,0.01404530446875163,0.28351893880630286,0.1552,0.0399,0.2059,159.0,0.6039,0.0138,-0.10779999999999999,11.8475,8.9202,7.455,0.10522106946695006,1.2466066205096908,191.59747,4,8,8,True,Finnhub,2026-10-09T02:13+00:00
VRTX,Vertex Pharmaceuticals,Health Care,503.25,519.8964013671875,474.65134979248046,0.06025190957536086,0.27015695785237415,0.23309999999999997,0.16879999999999998,0.3795,0.0,3.1854,0.1023,0.22460000000000002,29.0929,25.18688,24.0654,0.029619975711619916,0.861730991380587,128.159984,6,8,8,False,Finnhub,2026-10-09T02:13+00:00
VRT,Vertiv,Industrials,243.72999572753906,259.25500122070315,266.3667179107666,-0.08498329806658089,0.6561052551624276,0.4211,0.1324,0.1841,61.79,1.3786,0.2623,1.1116,53.9184,28.30812,39.4166,0.03131066441229883,1.688220928048093,93.386586,5,8,8,True,Finnhub,2026-10-09T02:13+00:00
VTRS,Viatris,Health Care,17.440000534057617,16.895290050506592,15.256581649780273,0.14311324347736765,0.6849079263254787,-0.0279,-0.011199999999999998,-0.0091,93.63,1.5846,0.044000000000000004,,237.5217,6.55405,12.1722,0.09046826373308244,21.488175797930086,20.031423999999998,4,8,8,False,Finnhub,2026-10-09T02:13+00:00
VST,Vistra Corp.,Utilities,156.13999938964844,143.47062774658204,154.30234031677247,0.011909469870018619,-0.23990942233171764,0.415,0.054299999999999994,0.1906,374.1,0.9734,0.1861,-0.049400000000000006,23.7818,13.81744,13.3147,0.02537336912669938,0.6034243898973394,52.77192,4,7,8,False,Finnhub,2026-10-09T02:13+00:00
VMC,Vulcan Materials Company,Materials,246.25999450683594,262.036982421875,282.3278855895996,-0.12775178409118626,-0.16332111753973522,0.1306,0.0668,0.2024,51.67,1.7575,0.06860000000000001,0.18469999999999998,28.0688,24.17055,14.9941,0.032797746138885336,0.9205933768231448,31.319182,8,8,8,True,Finnhub,2026-10-09T02:13+00:00
VYLR,Vylor,Consumer Staples,,,,,,,,,,,,,,,,,,,1,1,8,,Finnhub,2026-10-09T02:13+00:00
GWW,W. W. Grainger,Industrials,1268.6700439453125,1293.2746411132812,1208.3960128784179,0.04987936936610793,0.34477515570685524,0.48699999999999993,0.2027,0.1457,58.29,2.8054,0.078,-0.0069,31.7679,25.4605,20.3948,0.02541825742594391,0.8074846600816434,59.406062,4,8,8,True,Finnhub,2026-10-09T02:13+00:00
WAB,Wabtec,Industrials,280.79998779296875,289.41265563964845,262.5199834442139,0.06963281083948192,0.4245727629952507,0.114,0.0565,0.16390000000000002,58.599999999999994,1.1214,0.1343,0.11109999999999999,37.1424,24.10991,23.0586,0.036364562007032905,1.350667107890019,47.133727,4,8,8,True,Finnhub,2026-10-09T02:13+00:00
WMT,Walmart,Consumer Staples,110.55999755859375,108.41495361328126,117.75115398406983,-0.06107079363696888,0.033717985061657796,0.2274,0.0763,0.043899999999999995,58.269999999999996,0.7671,0.0616,0.041299999999999996,40.5342,35.49995,19.8541,0.017271365975063603,0.700081002706423,894.8329399999999,5,8,8,True,Finnhub,2026-10-09T02:13+00:00
DIS,Walt Disney Company (The),Communication Services,107.0199966430664,104.90780014038086,103.21148609161376,0.03690006505741117,-0.060796732651237084,0.0787,0.0425,0.1366,41.839999999999996,0.7091,0.0458,-0.24,21.1981,13.90736,11.7236,0.057985805074917664,1.229188894558612,182.30361,6,8,8,True,Finnhub,2026-10-09T02:13+00:00
WM,Waste Management,Industrials,210.10000610351562,216.85983306884765,222.94703704833984,-0.057623689979960147,0.007014992061365355,0.2892,0.0622,0.1757,235.32000000000002,0.9074,0.0717,0.0483,29.7845,23.52873,14.4045,0.04204754736656211,1.2523651745393694,84.97519500000001,7,8,8,True,Finnhub,2026-10-09T02:13+00:00
WAT,Waters Corporation,Health Care,429.1300048828125,414.83180114746096,364.7036508178711,0.17665398720429915,0.2715878429321108,0.0188,0.011199999999999998,0.071,33.47,1.7879,0.5246999999999999,-0.6392,250.672,29.075214940593643,61.6068,0.01057612376603076,2.6511380966784626,41.645900000000005,3,8,8,True,Finnhub,2026-10-09T02:13+00:00
WEC,WEC Energy Group,Utilities,103.61000061035156,105.55502868652344,109.8283847808838,-0.056619098814376545,-0.04704797597677235,0.12179999999999999,0.0329,0.2375,162.23000000000002,0.5341,0.0682,-0.0113,20.0731,17.44124,14.8595,0.012490554018523491,0.25072413986922387,33.97768,4,7,8,True,Finnhub,2026-10-09T02:13+00:00
WST,West Pharmaceutical Services,Health Care,363.2699890136719,354.7354022216797,304.0790042877197,0.19465659875005903,0.2707866680340383,0.1851,0.1364,0.2045,6.93,2.822,0.12380000000000001,0.1722,47.6774,38.21232,31.0734,0.016221757919462215,0.7734112410293679,26.932967,5,8,8,True,Finnhub,2026-10-09T02:13+00:00
WDC,Western Digital,Information Technology,393.30999755859375,460.238369140625,404.60650382995607,-0.027919734765583293,3.0288483404154647,1.178,0.6403,0.3025,11.87,1.3288,0.35700000000000004,3.6382999999999996,14.7316,19.8764,32.2913,0.025289757395357305,0.3725585900454457,138.83084,7,8,8,False,Finnhub,2026-10-09T02:13+00:00
WSM,"Williams-Sonoma, Inc.",Consumer Discretionary,239.0,234.24120025634767,209.0673515319824,0.1431722755785645,0.22037434714079307,0.5779,0.22149999999999997,0.19210000000000002,0.0,1.4466,0.022400000000000003,0.1105,23.1104,22.9376,14.827,0.04930431609983138,1.139442466793543,27.249066,3,8,8,True,Finnhub,2026-10-09T02:13+00:00
WMB,Williams Companies,Energy,72.33999633789062,71.83178359985351,70.53361742019653,0.025610183962815558,0.20182013611140603,0.2386,0.0524,0.3818,233.46,0.4771,0.0872,0.2631,28.3421,27.93899,16.829,0.012939841383424322,0.3667422784731505,87.09533599999999,6,8,8,True,Finnhub,2026-10-09T02:13+00:00
WDAY,"Workday, Inc.",Information Technology,187.80999755859375,188.62699951171874,156.63949954986572,0.19899513276218683,-0.20208429681011664,0.1678,0.0738,0.1067,46.27,0.9081,0.1335,1.2788,35.4903,15.09643,32.2473,0.06405616444498537,2.273372493001864,44.398406,7,8,8,False,Finnhub,2026-10-09T02:13+00:00
WYNN,Wynn Resorts,Consumer Discretionary,75.29000091552734,90.88519989013672,101.70592712402343,-0.2597284834371911,-0.25901159166222343,-2.4475,0.0345,0.15710000000000002,11573.789999999999,0.9124,0.0636,0.21,17.6328,15.83255,9.4655,0.1032801784681484,1.8211187308931671,7.9151143,4,8,8,False,Finnhub,2026-10-09T02:13+00:00
XEL,Xcel Energy,Utilities,73.36000061035156,74.78198211669923,76.9677345275879,-0.04687332866661409,-0.04790570977496256,0.0964,0.0269,0.1916,169.53,0.7013,0.0473,0.0134,20.2289,16.29833,14.6708,0.01171104175571938,0.23690149257227178,45.171043,3,7,8,True,Finnhub,2026-10-09T02:13+00:00
XYL,Xylem Inc.,Industrials,101.98999786376953,110.49748764038085,119.55069065093994,-0.14688909525787286,-0.2631548106123832,0.0924,0.0588,0.1411,28.08,1.6131,0.0454,0.0932,23.348,17.73761,16.4201,0.04030584071937864,0.9410607691160525,23.768266,5,8,8,True,Finnhub,2026-10-09T02:13+00:00
YUM,Yum! Brands,Consumer Discretionary,143.0,145.46593505859374,152.47229110717774,-0.06212467221679874,0.008580648287141113,1.1764,0.2747,0.3099,3096.79,0.592,0.10279999999999999,0.5722999999999999,17.6321,19.19032,17.2478,0.04213311536468318,0.7428953034216303,39.09033,4,8,8,True,Finnhub,2026-10-09T02:13+00:00
ZBRA,Zebra Technologies,Information Technology,382.1400146484375,359.63079833984375,269.7275495147705,0.416763008954379,0.16245270207709628,0.1514,0.0643,0.1467,80.58,0.5158,0.1266,0.032799999999999996,33.9625,16.53711,20.9798,0.049383203784728734,1.6771770585388497,18.305812000000003,4,8,8,True,Finnhub,2026-10-09T02:13+00:00
ZBH,Zimmer Biomet,Health Care,88.87999725341797,95.50984985351562,90.85138465881347,-0.02169903532894868,-0.03723158595566345,0.0635,0.035,0.1416,59.25,1.6913,0.0862,0.0009,21.4654,10.53366,12.9332,0.06233092735953726,1.3379582881434111,17.307578000000003,4,8,8,True,Finnhub,2026-10-09T02:13+00:00
ZTS,Zoetis,Health Care,73.08000183105469,73.99019989013672,96.5499753189087,-0.24308627123240245,-0.47665496656358686,0.6925,0.17190000000000003,0.34380000000000005,287.42,3.0839,0.0141,0.045899999999999996,11.436,11.40675,11.0367,0.07908639397678024,0.9044320015184588,29.916549,4,8,8,True,Finnhub,2026-10-09T02:13+00:00
